year,round,driver_a,driver_b,predicted_prob_a,actual_a_won
2014,1,jenson-button,kevin-magnussen,0.5,0.0
2014,1,fernando-alonso,kimi-raikkonen,0.5,1.0
2014,1,nico-hulkenberg,sergio-perez,0.5,1.0
2014,1,daniil-kvyat,jean-eric-vergne,0.5,0.0
2014,1,adrian-sutil,esteban-gutierrez,0.5,1.0
2014,2,lewis-hamilton,nico-rosberg,0.5,1.0
2014,2,fernando-alonso,kimi-raikkonen,0.5344839447268315,1.0
2014,2,jenson-button,kevin-magnussen,0.46551605527316847,1.0
2014,2,felipe-massa,valtteri-bottas,0.5,1.0
2014,2,kamui-kobayashi,marcus-ericsson,0.5,1.0
2014,3,lewis-hamilton,nico-rosberg,0.5344839447268315,1.0
2014,3,nico-hulkenberg,sergio-perez,0.5344839447268315,0.0
2014,3,daniel-ricciardo,sebastian-vettel,0.5,1.0
2014,3,felipe-massa,valtteri-bottas,0.5344839447268315,1.0
2014,3,fernando-alonso,kimi-raikkonen,0.5663027072530126,1.0
2014,3,pastor-maldonado,romain-grosjean,0.5,0.0
2014,3,jules-bianchi,max-chilton,0.5,0.0
2014,4,lewis-hamilton,nico-rosberg,0.5663027072530126,1.0
2014,4,fernando-alonso,kimi-raikkonen,0.5954680308417515,1.0
2014,4,daniel-ricciardo,sebastian-vettel,0.5344839447268315,1.0
2014,4,nico-hulkenberg,sergio-perez,0.49761795150945937,1.0
2014,4,felipe-massa,valtteri-bottas,0.5663027072530126,0.0
2014,4,daniil-kvyat,jean-eric-vergne,0.46551605527316847,1.0
2014,4,jenson-button,kevin-magnussen,0.5023820484905406,1.0
2014,4,jules-bianchi,max-chilton,0.46551605527316847,1.0
2014,4,kamui-kobayashi,marcus-ericsson,0.5344839447268315,1.0
2014,5,lewis-hamilton,nico-rosberg,0.5954680308417515,1.0
2014,5,daniel-ricciardo,sebastian-vettel,0.5663027072530126,1.0
2014,5,felipe-massa,valtteri-bottas,0.527548753328657,0.0
2014,5,fernando-alonso,kimi-raikkonen,0.6220816646330228,1.0
2014,5,pastor-maldonado,romain-grosjean,0.46551605527316847,0.0
2014,5,nico-hulkenberg,sergio-perez,0.5322763112991972,0.0
2014,5,jenson-button,kevin-magnussen,0.5366902280547292,1.0
2014,5,adrian-sutil,esteban-gutierrez,0.5344839447268315,0.0
2014,5,jules-bianchi,max-chilton,0.5023820484905406,1.0
2014,6,lewis-hamilton,nico-rosberg,0.6220816646330228,0.0
2014,6,fernando-alonso,kimi-raikkonen,0.6463002853923677,1.0
2014,6,jenson-button,kevin-magnussen,0.5683303875590308,1.0
2014,6,jules-bianchi,max-chilton,0.5366902280547292,1.0
2014,6,kamui-kobayashi,marcus-ericsson,0.5663027072530126,0.0
2014,7,daniel-ricciardo,sebastian-vettel,0.5954680308417515,1.0
2014,7,jenson-button,kevin-magnussen,0.5973215270353247,1.0
2014,7,nico-hulkenberg,sergio-perez,0.4955530282311483,1.0
2014,7,fernando-alonso,kimi-raikkonen,0.6683089908105445,1.0
2014,7,felipe-massa,valtteri-bottas,0.4911358330911187,0.0
2014,7,adrian-sutil,esteban-gutierrez,0.49761795150945937,1.0
2014,8,lewis-hamilton,nico-rosberg,0.5809089258409305,0.0
2014,8,felipe-massa,valtteri-bottas,0.45731261279365276,0.0
2014,8,fernando-alonso,kimi-raikkonen,0.6883027456091153,1.0
2014,8,nico-hulkenberg,sergio-perez,0.530361473468427,0.0
2014,8,jenson-button,kevin-magnussen,0.623770059071214,0.0
2014,8,pastor-maldonado,romain-grosjean,0.43369729274698743,1.0
2014,8,adrian-sutil,esteban-gutierrez,0.5322763112991972,1.0
2014,8,jules-bianchi,max-chilton,0.5683303875590308,1.0
2014,8,kamui-kobayashi,marcus-ericsson,0.527548753328657,1.0
2014,9,daniel-ricciardo,sebastian-vettel,0.6220816646330228,1.0
2014,9,jenson-button,kevin-magnussen,0.5825444128321935,1.0
2014,9,nico-hulkenberg,sergio-perez,0.49376312411597306,1.0
2014,9,daniil-kvyat,jean-eric-vergne,0.5023820484905406,1.0
2014,9,pastor-maldonado,romain-grosjean,0.4724512466713429,0.0
2014,9,jules-bianchi,max-chilton,0.5973215270353247,1.0
2014,10,lewis-hamilton,nico-rosberg,0.5414036395320401,0.0
2014,10,daniel-ricciardo,sebastian-vettel,0.6463002853923677,0.0
2014,10,fernando-alonso,kimi-raikkonen,0.7064742810611758,1.0
2014,10,nico-hulkenberg,sergio-perez,0.5287008200903704,1.0
2014,10,jenson-button,kevin-magnussen,0.610300257189234,1.0
2014,10,jules-bianchi,max-chilton,0.623770059071214,1.0
2014,10,kamui-kobayashi,marcus-ericsson,0.5599230654329038,1.0
2014,11,daniel-ricciardo,sebastian-vettel,0.6044965795615064,1.0
2014,11,fernando-alonso,kimi-raikkonen,0.7230068034988139,1.0
2014,11,lewis-hamilton,nico-rosberg,0.5040997359766634,1.0
2014,11,felipe-massa,valtteri-bottas,0.4261622928591953,1.0
2014,11,daniil-kvyat,jean-eric-vergne,0.5366902280547292,0.0
2014,11,jenson-button,kevin-magnussen,0.6355850046952608,1.0
2014,11,jules-bianchi,max-chilton,0.6478352874115438,1.0
2014,12,daniel-ricciardo,sebastian-vettel,0.6303033040636098,1.0
2014,12,felipe-massa,valtteri-bottas,0.46531351656966863,0.0
2014,12,fernando-alonso,kimi-raikkonen,0.7380700691604779,0.0
2014,12,jenson-button,kevin-magnussen,0.6585735916853372,1.0
2014,12,nico-hulkenberg,sergio-perez,0.5609834755940647,0.0
2014,12,daniil-kvyat,jean-eric-vergne,0.4996830493090488,1.0
2014,12,adrian-sutil,esteban-gutierrez,0.5642728963782514,1.0
2014,12,jules-bianchi,max-chilton,0.669703465314654,0.0
2014,13,lewis-hamilton,nico-rosberg,0.5382803464495032,1.0
2014,13,felipe-massa,valtteri-bottas,0.4335111131545069,1.0
2014,13,daniel-ricciardo,sebastian-vettel,0.6537738182272889,1.0
2014,13,nico-hulkenberg,sergio-perez,0.522521982830964,0.0
2014,13,jenson-button,kevin-magnussen,0.6794583496873332,1.0
2014,13,daniil-kvyat,jean-eric-vergne,0.5341902797108639,1.0
2014,13,pastor-maldonado,romain-grosjean,0.4400769345670962,1.0
2014,13,adrian-sutil,esteban-gutierrez,0.5936120395719171,1.0
2014,13,kamui-kobayashi,marcus-ericsson,0.5896327945091068,1.0
2014,14,daniel-ricciardo,sebastian-vettel,0.6750981632312132,0.0
2014,14,fernando-alonso,kimi-raikkonen,0.6967830279831967,1.0
2014,14,felipe-massa,valtteri-bottas,0.47227512568969193,1.0
2014,14,daniil-kvyat,jean-eric-vergne,0.5660327483382631,0.0
2014,14,nico-hulkenberg,sergio-perez,0.48644601508407226,0.0
2014,14,pastor-maldonado,romain-grosjean,0.4784789629505875,1.0
2014,14,jules-bianchi,max-chilton,0.62756816773164,1.0
2014,15,lewis-hamilton,nico-rosberg,0.5697912410252274,1.0
2014,15,daniel-ricciardo,sebastian-vettel,0.6329279623108496,0.0
2014,15,jenson-button,kevin-magnussen,0.6984341804656136,1.0
2014,15,felipe-massa,valtteri-bottas,0.5086997229490816,0.0
2014,15,nico-hulkenberg,sergio-perez,0.45297954498710685,1.0
2014,15,daniil-kvyat,jean-eric-vergne,0.5272934008715622,0.0
2014,15,adrian-sutil,esteban-gutierrez,0.6203906932307801,0.0
2014,15,pastor-maldonado,romain-grosjean,0.5144869990711294,0.0
2014,15,kamui-kobayashi,marcus-ericsson,0.6167641798167742,0.0
2014,15,jules-bianchi,max-chilton,0.6512878688742584,0.0
2014,16,lewis-hamilton,nico-rosberg,0.5986565570243911,1.0
2014,16,felipe-massa,valtteri-bottas,0.47358548377727655,0.0
2014,16,jenson-button,kevin-magnussen,0.7156892756767202,1.0
2014,16,fernando-alonso,kimi-raikkonen,0.7141870618937144,1.0
2014,16,daniel-ricciardo,sebastian-vettel,0.5914382064241182,1.0
2014,16,nico-hulkenberg,sergio-perez,0.4906281254446042,0.0
2014,16,daniil-kvyat,jean-eric-vergne,0.49089742640841383,0.0
2014,16,adrian-sutil,esteban-gutierrez,0.5792722349776042,0.0
2014,16,pastor-maldonado,romain-grosjean,0.4789639770374911,0.0
2014,17,lewis-hamilton,nico-rosberg,0.6249859875068136,1.0
2014,17,daniel-ricciardo,sebastian-vettel,0.6184097398783243,1.0
2014,17,felipe-massa,valtteri-bottas,0.4411211845942356,1.0
2014,17,fernando-alonso,kimi-raikkonen,0.7300311097943298,1.0
2014,17,jenson-button,kevin-magnussen,0.7313998222277358,0.0
2014,17,pastor-maldonado,romain-grosjean,0.4460764257992785,1.0
2014,17,daniil-kvyat,jean-eric-vergne,0.45709222427777363,0.0
2014,18,lewis-hamilton,nico-rosberg,0.6489406663813159,0.0
2014,18,felipe-massa,valtteri-bottas,0.47946428236107014,1.0
2014,18,jenson-button,kevin-magnussen,0.689898126745994,1.0
2014,18,fernando-alonso,kimi-raikkonen,0.7444781501886568,1.0
2014,18,nico-hulkenberg,sergio-perez,0.45684329164652515,1.0
2014,18,daniil-kvyat,jean-eric-vergne,0.4259600237121413,1.0
2014,18,pastor-maldonado,romain-grosjean,0.48413490528625247,1.0
2014,18,adrian-sutil,esteban-gutierrez,0.5398472499012299,0.0
2014,19,lewis-hamilton,nico-rosberg,0.6070853805268969,1.0
2014,19,felipe-massa,valtteri-bottas,0.51540517981584,1.0
2014,19,daniel-ricciardo,sebastian-vettel,0.6429614746124126,1.0
2014,19,jenson-button,kevin-magnussen,0.7079249698540477,1.0
2014,19,nico-hulkenberg,sergio-perez,0.494255826367086,1.0
2014,19,fernando-alonso,kimi-raikkonen,0.7576757605591828,1.0
2014,19,adrian-sutil,esteban-gutierrez,0.5026405808458819,0.0
2015,1,lewis-hamilton,nico-rosberg,0.6326595640459901,1.0
2015,1,felipe-nasr,marcus-ericsson,0.5381032297927155,1.0
2015,1,nico-hulkenberg,sergio-perez,0.5291580227251038,1.0
2015,2,kimi-raikkonen,sebastian-vettel,0.43535866515157645,0.0
2015,2,lewis-hamilton,nico-rosberg,0.6559151926027559,1.0
2015,2,felipe-massa,valtteri-bottas,0.5487295143099993,0.0
2015,2,carlos-sainz-jr,max-verstappen,0.5,0.0
2015,2,daniel-ricciardo,daniil-kvyat,0.6018830783525205,0.0
2015,2,nico-hulkenberg,sergio-perez,0.5614042332265096,0.0
2015,3,lewis-hamilton,nico-rosberg,0.677043412757781,1.0
2015,3,kimi-raikkonen,sebastian-vettel,0.4060510313219248,0.0
2015,3,felipe-massa,valtteri-bottas,0.5109780249133954,1.0
2015,3,felipe-nasr,marcus-ericsson,0.5696285448684176,1.0
2015,3,fernando-alonso,jenson-button,0.5300767481432994,1.0
2015,3,carlos-sainz-jr,max-verstappen,0.46551605527316847,1.0
2015,3,roberto-merhi,will-stevens,0.5,0.0
2015,4,lewis-hamilton,nico-rosberg,0.6962394029520025,1.0
2015,4,kimi-raikkonen,sebastian-vettel,0.3793023116522932,1.0
2015,4,felipe-massa,valtteri-bottas,0.5446410446206388,0.0
2015,4,daniel-ricciardo,daniil-kvyat,0.5614406770109075,1.0
2015,4,pastor-maldonado,romain-grosjean,0.5197539885218512,0.0
2015,4,nico-hulkenberg,sergio-perez,0.5229192518033225,0.0
2015,4,felipe-nasr,marcus-ericsson,0.5985078874673542,1.0
2015,4,roberto-merhi,will-stevens,0.46551605527316847,0.0
2015,5,lewis-hamilton,nico-rosberg,0.713692511231913,0.0
2015,5,kimi-raikkonen,sebastian-vettel,0.42043072018537586,0.0
2015,5,felipe-massa,valtteri-bottas,0.5071372754342173,0.0
2015,5,daniel-ricciardo,daniil-kvyat,0.5910214128963724,1.0
2015,5,carlos-sainz-jr,max-verstappen,0.5023820484905406,1.0
2015,5,felipe-nasr,marcus-ericsson,0.6248505885850129,1.0
2015,5,nico-hulkenberg,sergio-perez,0.4868163987364191,0.0
2015,5,roberto-merhi,will-stevens,0.43369729274698743,0.0
2015,6,lewis-hamilton,nico-rosberg,0.6717664451369973,0.0
2015,6,kimi-raikkonen,sebastian-vettel,0.3924143639229902,0.0
2015,6,daniel-ricciardo,daniil-kvyat,0.6180298770711429,0.0
2015,6,nico-hulkenberg,sergio-perez,0.45332157894495145,0.0
2015,6,felipe-nasr,marcus-ericsson,0.6488175808814615,1.0
2015,6,felipe-massa,valtteri-bottas,0.47213486067155885,0.0
2015,6,roberto-merhi,will-stevens,0.40453196915824857,1.0
2015,7,lewis-hamilton,nico-rosberg,0.6296159027513445,1.0
2015,7,felipe-massa,valtteri-bottas,0.43978569424250363,0.0
2015,7,kimi-raikkonen,sebastian-vettel,0.366885171728161,1.0
2015,7,pastor-maldonado,romain-grosjean,0.483866545082983,1.0
2015,7,nico-hulkenberg,sergio-perez,0.4225006445038574,1.0
2015,7,daniel-ricciardo,daniil-kvyat,0.5769893473503417,0.0
2015,7,carlos-sainz-jr,max-verstappen,0.5366902280547292,1.0
2015,7,felipe-nasr,marcus-ericsson,0.6705958186558514,0.0
2015,8,lewis-hamilton,nico-rosberg,0.6531490696800315,0.0
2015,8,felipe-massa,valtteri-bottas,0.4101006945263771,1.0
2015,8,nico-hulkenberg,sergio-perez,0.46183751896297476,1.0
2015,8,daniel-ricciardo,daniil-kvyat,0.5376780356820493,1.0
2015,8,felipe-nasr,marcus-ericsson,0.6284536400987007,1.0
2015,9,lewis-hamilton,nico-rosberg,0.6112188615825244,1.0
2015,9,kimi-raikkonen,sebastian-vettel,0.4083799086344717,0.0
2015,9,felipe-massa,valtteri-bottas,0.4500289006014255,1.0
2015,9,nico-hulkenberg,sergio-perez,0.498938102474691,1.0
2015,9,roberto-merhi,will-stevens,0.44470631491192397,1.0
2015,10,daniel-ricciardo,daniil-kvyat,0.5692379465802478,0.0
2015,10,fernando-alonso,jenson-button,0.5622496036668208,1.0
2015,10,lewis-hamilton,nico-rosberg,0.6364207795932092,1.0
2015,10,pastor-maldonado,romain-grosjean,0.5195042763791311,0.0
2015,10,felipe-nasr,marcus-ericsson,0.6520927007828529,0.0
2015,10,felipe-massa,valtteri-bottas,0.48785456577785025,1.0
2015,10,roberto-merhi,will-stevens,0.48284430632995057,1.0
2015,11,lewis-hamilton,nico-rosberg,0.659333029293221,1.0
2015,11,felipe-massa,valtteri-bottas,0.5232132297520156,1.0
2015,11,kimi-raikkonen,sebastian-vettel,0.38142449656401306,1.0
2015,11,felipe-nasr,marcus-ericsson,0.6101804507147586,0.0
2015,11,fernando-alonso,jenson-button,0.5917614502777439,1.0
2015,11,roberto-merhi,will-stevens,0.5185528971674397,1.0
2015,12,lewis-hamilton,nico-rosberg,0.6801482431458853,1.0
2015,12,kimi-raikkonen,sebastian-vettel,0.4224832580253056,0.0
2015,12,felipe-massa,valtteri-bottas,0.5559301460068791,1.0
2015,12,nico-hulkenberg,sergio-perez,0.5334999680857012,0.0
2015,12,daniel-ricciardo,daniil-kvyat,0.5303268322013861,1.0
2015,12,felipe-nasr,marcus-ericsson,0.5694167011591889,0.0
2015,12,carlos-sainz-jr,max-verstappen,0.5683303875590308,1.0
2015,12,fernando-alonso,jenson-button,0.6187043308392391,0.0
2015,12,roberto-merhi,will-stevens,0.5516338780443034,0.0
2015,13,kimi-raikkonen,sebastian-vettel,0.39428775358765283,0.0
2015,13,daniel-ricciardo,daniil-kvyat,0.5624796921798606,1.0
2015,13,carlos-sainz-jr,max-verstappen,0.5973215270353247,0.0
2015,13,felipe-nasr,marcus-ericsson,0.5304961142197957,1.0
2015,13,pastor-maldonado,romain-grosjean,0.4836339429281228,1.0
2015,13,alexander-rossi,will-stevens,0.5068561144084331,1.0
2015,14,lewis-hamilton,nico-rosberg,0.6990612182301649,1.0
2015,14,kimi-raikkonen,sebastian-vettel,0.3685901665361393,0.0
2015,14,felipe-massa,valtteri-bottas,0.5859776778738118,0.0
2015,14,nico-hulkenberg,sergio-perez,0.4966974063769107,1.0
2015,14,pastor-maldonado,romain-grosjean,0.5192878220898178,0.0
2015,14,carlos-sainz-jr,max-verstappen,0.5570680091432474,0.0
2015,14,fernando-alonso,jenson-button,0.5776412840449023,1.0
2015,14,daniel-ricciardo,daniil-kvyat,0.5919719274683267,0.0
2015,14,felipe-nasr,marcus-ericsson,0.5626354324870052,0.0
2015,14,alexander-rossi,will-stevens,0.5408305918058441,1.0
2015,15,kimi-raikkonen,sebastian-vettel,0.34522054173261857,0.0
2015,15,felipe-massa,valtteri-bottas,0.5462301287157673,1.0
2015,15,daniel-ricciardo,daniil-kvyat,0.5519506724780092,0.0
2015,15,fernando-alonso,jenson-button,0.6058259320478062,0.0
2015,15,roberto-merhi,will-stevens,0.5464703234703803,1.0
2015,16,lewis-hamilton,nico-rosberg,0.716259799120068,1.0
2015,16,carlos-sainz-jr,max-verstappen,0.5188279716265481,0.0
2015,16,fernando-alonso,jenson-button,0.5652272063322896,0.0
2015,17,lewis-hamilton,nico-rosberg,0.731919696870676,0.0
2015,17,felipe-massa,valtteri-bottas,0.5770881929713804,0.0
2015,17,daniel-ricciardo,daniil-kvyat,0.5140077688972778,0.0
2015,17,nico-hulkenberg,sergio-perez,0.5314228026618694,1.0
2015,17,carlos-sainz-jr,max-verstappen,0.4830040622869578,0.0
2015,17,pastor-maldonado,romain-grosjean,0.4834323334627463,0.0
2015,17,alexander-rossi,will-stevens,0.5873975972698744,1.0
2015,18,lewis-hamilton,nico-rosberg,0.69043363135932,0.0
2015,18,kimi-raikkonen,sebastian-vettel,0.3239883019640883,0.0
2015,18,nico-hulkenberg,sergio-perez,0.5634878947695764,1.0
2015,18,daniel-ricciardo,daniil-kvyat,0.4785182686689589,0.0
2015,18,pastor-maldonado,romain-grosjean,0.45019762901064403,0.0
2015,18,felipe-nasr,marcus-ericsson,0.524082067533093,1.0
2015,18,fernando-alonso,jenson-button,0.5265315950188078,0.0
2015,18,alexander-rossi,will-stevens,0.6147264477932939,0.0
2015,19,lewis-hamilton,nico-rosberg,0.6482540480978645,0.0
2015,19,kimi-raikkonen,sebastian-vettel,0.30469819378632007,1.0
2015,19,nico-hulkenberg,sergio-perez,0.592894110668509,0.0
2015,19,daniel-ricciardo,daniil-kvyat,0.44566557091311365,1.0
2015,19,felipe-massa,valtteri-bottas,0.5377719194244104,1.0
2015,19,carlos-sainz-jr,max-verstappen,0.4498024504530435,1.0
2015,19,fernando-alonso,jenson-button,0.4901862853022712,0.0
2015,19,felipe-nasr,marcus-ericsson,0.5567306238127927,0.0
2015,19,roberto-merhi,will-stevens,0.5704799762956109,0.0
2016,1,lewis-hamilton,nico-rosberg,0.6064118383017163,0.0
2016,1,felipe-massa,valtteri-bottas,0.5693241942507365,1.0
2016,1,nico-hulkenberg,sergio-perez,0.5528320009235667,1.0
2016,1,carlos-sainz-jr,max-verstappen,0.4876415910304263,1.0
2016,1,jolyon-palmer,kevin-magnussen,0.6184596530638906,1.0
2016,2,lewis-hamilton,nico-rosberg,0.5657904395044799,0.0
2016,2,daniel-ricciardo,daniil-kvyat,0.48374795855977215,1.0
2016,2,felipe-massa,valtteri-bottas,0.5982297668810075,1.0
2016,2,felipe-nasr,marcus-ericsson,0.5185099095735788,0.0
2016,2,pascal-wehrlein,rio-haryanto,0.5,1.0
2016,2,nico-hulkenberg,sergio-perez,0.5831400054020777,1.0
2016,3,lewis-hamilton,nico-rosberg,0.5270642241541779,0.0
2016,3,kimi-raikkonen,sebastian-vettel,0.34685207159408904,0.0
2016,3,daniel-ricciardo,daniil-kvyat,0.5193939242396174,0.0
2016,3,felipe-massa,valtteri-bottas,0.624597288798992,1.0
2016,3,carlos-sainz-jr,max-verstappen,0.5230152627993071,0.0
2016,3,nico-hulkenberg,sergio-perez,0.6108435816635304,0.0
2016,3,fernando-alonso,jenson-button,0.45643490465734143,1.0
2016,3,esteban-gutierrez,romain-grosjean,0.4755265570237654,1.0
2016,3,felipe-nasr,marcus-ericsson,0.48270787577310276,0.0
2016,3,jolyon-palmer,kevin-magnussen,0.6430068644032337,0.0
2016,3,pascal-wehrlein,rio-haryanto,0.5344839447268315,1.0
2016,4,lewis-hamilton,nico-rosberg,0.4906834741007988,0.0
2016,4,felipe-massa,valtteri-bottas,0.6485873144622963,0.0
2016,4,fernando-alonso,jenson-button,0.49387260914481257,1.0
2016,4,jolyon-palmer,kevin-magnussen,0.601272372248093,0.0
2016,4,esteban-gutierrez,romain-grosjean,0.5117341713907863,0.0
2016,4,daniel-ricciardo,daniil-kvyat,0.48353115735660723,1.0
2016,4,felipe-nasr,marcus-ericsson,0.4495291729302382,0.0
2016,5,daniel-ricciardo,max-verstappen,0.5371806330050715,0.0
2016,5,kimi-raikkonen,sebastian-vettel,0.32547040254307824,1.0
2016,5,felipe-massa,valtteri-bottas,0.6067387282139235,0.0
2016,5,carlos-sainz-jr,daniil-kvyat,0.46889535143527417,1.0
2016,5,felipe-nasr,marcus-ericsson,0.419023644842451,0.0
2016,5,jolyon-palmer,kevin-magnussen,0.5608547628532186,1.0
2016,5,pascal-wehrlein,rio-haryanto,0.5663027072530126,1.0
2016,6,lewis-hamilton,nico-rosberg,0.45689445273782353,1.0
2016,6,nico-hulkenberg,sergio-perez,0.5700554125337927,0.0
2016,6,fernando-alonso,jenson-button,0.5288024218283248,1.0
2016,6,felipe-massa,valtteri-bottas,0.5661047426542789,1.0
2016,6,esteban-gutierrez,romain-grosjean,0.4764045211596179,1.0
2016,6,pascal-wehrlein,rio-haryanto,0.5954680308417515,1.0
2016,7,lewis-hamilton,nico-rosberg,0.49430383064452393,1.0
2016,7,kimi-raikkonen,sebastian-vettel,0.3676376850236214,0.0
2016,7,daniel-ricciardo,max-verstappen,0.500142269055969,0.0
2016,7,nico-hulkenberg,sergio-perez,0.5311010719133394,1.0
2016,7,carlos-sainz-jr,daniil-kvyat,0.5055423154333778,1.0
2016,7,esteban-gutierrez,romain-grosjean,0.5125530379898808,1.0
2016,7,felipe-nasr,marcus-ericsson,0.39113037475090867,0.0
2016,7,pascal-wehrlein,rio-haryanto,0.6220816646330228,1.0
2016,8,lewis-hamilton,nico-rosberg,0.5292025650404855,0.0
2016,8,kimi-raikkonen,sebastian-vettel,0.3443549377073989,0.0
2016,8,nico-hulkenberg,sergio-perez,0.5631919524112704,0.0
2016,8,felipe-massa,valtteri-bottas,0.5952870429406782,0.0
2016,8,daniel-ricciardo,max-verstappen,0.46564786917264794,1.0
2016,8,felipe-nasr,marcus-ericsson,0.36571674003464155,1.0
2016,8,esteban-gutierrez,romain-grosjean,0.5460960536030144,0.0
2016,8,jolyon-palmer,kevin-magnussen,0.5904853386160861,0.0
2016,9,lewis-hamilton,nico-rosberg,0.4926803428679863,1.0
2016,9,daniel-ricciardo,max-verstappen,0.5025053816237737,0.0
2016,9,fernando-alonso,jenson-button,0.5610769818098765,0.0
2016,9,esteban-gutierrez,romain-grosjean,0.508503520729909,0.0
2016,9,felipe-massa,valtteri-bottas,0.5551205023831558,0.0
2016,9,pascal-wehrlein,rio-haryanto,0.6463002853923677,1.0
2016,9,jolyon-palmer,kevin-magnussen,0.5505306513912355,1.0
2016,9,felipe-nasr,marcus-ericsson,0.4072422466868768,1.0
2016,9,nico-hulkenberg,sergio-perez,0.5246078478686381,0.0
2016,10,lewis-hamilton,nico-rosberg,0.527695842227689,1.0
2016,10,daniel-ricciardo,max-verstappen,0.467838028477468,0.0
2016,10,kimi-raikkonen,sebastian-vettel,0.3232019770468661,1.0
2016,10,nico-hulkenberg,sergio-perez,0.48839120534607056,0.0
2016,10,carlos-sainz-jr,daniil-kvyat,0.5396152610111812,1.0
2016,10,felipe-massa,valtteri-bottas,0.5169925271145099,1.0
2016,10,fernando-alonso,jenson-button,0.5226102638738428,0.0
2016,11,lewis-hamilton,nico-rosberg,0.5600584664318126,1.0
2016,11,daniel-ricciardo,max-verstappen,0.4358322580087643,1.0
2016,11,kimi-raikkonen,sebastian-vettel,0.3653798256057796,0.0
2016,11,carlos-sainz-jr,daniil-kvyat,0.5710172917457255,1.0
2016,11,felipe-massa,valtteri-bottas,0.550194402638851,0.0
2016,11,nico-hulkenberg,sergio-perez,0.4547761803227769,1.0
2016,11,jolyon-palmer,kevin-magnussen,0.581031185642266,1.0
2016,11,esteban-gutierrez,romain-grosjean,0.4734032900850137,1.0
2016,11,felipe-nasr,marcus-ericsson,0.44729833677742425,1.0
2016,11,pascal-wehrlein,rio-haryanto,0.6683089908105445,1.0
2016,12,lewis-hamilton,nico-rosberg,0.5897567000467357,1.0
2016,12,daniel-ricciardo,max-verstappen,0.4744700028216251,1.0
2016,12,kimi-raikkonen,sebastian-vettel,0.34230313815981694,0.0
2016,12,nico-hulkenberg,sergio-perez,0.49231558176442947,1.0
2016,12,fernando-alonso,jenson-button,0.48652831792018814,0.0
2016,12,esteban-gutierrez,romain-grosjean,0.5097529367425474,1.0
2016,12,carlos-sainz-jr,daniil-kvyat,0.5997767975100634,1.0
2016,12,jolyon-palmer,kevin-magnussen,0.6089196548961335,0.0
2016,12,pascal-wehrlein,rio-haryanto,0.6883027456091153,1.0
2016,13,lewis-hamilton,nico-rosberg,0.616877124736732,0.0
2016,13,daniel-ricciardo,max-verstappen,0.5107484514198398,1.0
2016,13,nico-hulkenberg,sergio-perez,0.5273572252052438,1.0
2016,13,kimi-raikkonen,sebastian-vettel,0.3213380907613994,0.0
2016,13,felipe-massa,valtteri-bottas,0.5123554492118688,0.0
2016,13,esteban-gutierrez,romain-grosjean,0.5435089216580831,1.0
2016,14,lewis-hamilton,nico-rosberg,0.575875548306009,0.0
2016,14,kimi-raikkonen,sebastian-vettel,0.3022896748841792,0.0
2016,14,daniel-ricciardo,max-verstappen,0.5444289174425866,1.0
2016,14,felipe-massa,valtteri-bottas,0.47698198592945346,0.0
2016,14,nico-hulkenberg,sergio-perez,0.5597467501367088,0.0
2016,14,esteban-gutierrez,romain-grosjean,0.5745916568938311,0.0
2016,14,fernando-alonso,jenson-button,0.45305554568304857,0.0
2016,15,lewis-hamilton,nico-rosberg,0.5366203962429956,0.0
2016,15,daniel-ricciardo,max-verstappen,0.5754358330428464,1.0
2016,15,kimi-raikkonen,sebastian-vettel,0.28496930736568876,1.0
2016,15,carlos-sainz-jr,daniil-kvyat,0.6260061733741331,0.0
2016,15,jolyon-palmer,kevin-magnussen,0.5682028545337778,0.0
2016,15,felipe-nasr,marcus-ericsson,0.48528538452885644,1.0
2016,15,esteban-ocon,pascal-wehrlein,0.3919409597991138,0.0
2016,16,daniel-ricciardo,max-verstappen,0.6038124641987556,1.0
2016,16,felipe-massa,valtteri-bottas,0.444249730933497,0.0
2016,16,nico-hulkenberg,sergio-perez,0.5213546459531997,0.0
2016,16,fernando-alonso,jenson-button,0.42225666098723913,1.0
2016,16,carlos-sainz-jr,daniil-kvyat,0.584712456731528,1.0
2016,16,esteban-ocon,pascal-wehrlein,0.36645436014040567,0.0
2016,17,lewis-hamilton,nico-rosberg,0.4996176640045414,0.0
2016,17,daniel-ricciardo,max-verstappen,0.6296805573404721,0.0
2016,17,kimi-raikkonen,sebastian-vettel,0.32687049104049576,0.0
2016,17,nico-hulkenberg,sergio-perez,0.4853579289686863,0.0
2016,17,felipe-massa,valtteri-bottas,0.4141870365823983,1.0
2016,17,esteban-gutierrez,romain-grosjean,0.5354018056128885,0.0
2016,17,jolyon-palmer,kevin-magnussen,0.5293468146203878,1.0
2016,17,carlos-sainz-jr,daniil-kvyat,0.6122778558534919,0.0
2016,17,felipe-nasr,marcus-ericsson,0.5208243071218459,0.0
2016,17,fernando-alonso,jenson-button,0.46160573045029213,1.0
2016,17,esteban-ocon,pascal-wehrlein,0.3432795872681774,1.0
2016,18,lewis-hamilton,nico-rosberg,0.4651618404712593,1.0
2016,18,fernando-alonso,jenson-button,0.4987209600276276,1.0
2016,18,carlos-sainz-jr,daniil-kvyat,0.5714375191123144,1.0
2016,18,felipe-massa,valtteri-bottas,0.4539268674639815,1.0
2016,18,jolyon-palmer,kevin-magnussen,0.5615779642908956,0.0
2016,18,felipe-nasr,marcus-ericsson,0.484863718078445,0.0
2016,18,esteban-ocon,pascal-wehrlein,0.38526625267359416,0.0
2016,19,lewis-hamilton,nico-rosberg,0.5020505980718722,1.0
2016,19,daniel-ricciardo,max-verstappen,0.5882799905823954,1.0
2016,19,kimi-raikkonen,sebastian-vettel,0.30731727986165835,0.0
2016,19,nico-hulkenberg,sergio-perez,0.4519749136126361,1.0
2016,19,felipe-massa,valtteri-bottas,0.49151800717955246,0.0
2016,19,felipe-nasr,marcus-ericsson,0.45151869192229394,0.0
2016,19,fernando-alonso,jenson-button,0.5332987260965584,0.0
2016,19,jolyon-palmer,kevin-magnussen,0.5230833020148189,1.0
2016,19,carlos-sainz-jr,daniil-kvyat,0.600160714927856,1.0
2016,19,esteban-gutierrez,romain-grosjean,0.4984769006174741,1.0
2016,20,lewis-hamilton,nico-rosberg,0.5363833145422042,1.0
2016,20,daniel-ricciardo,max-verstappen,0.615530946475665,0.0
2016,20,nico-hulkenberg,sergio-perez,0.4896840993003094,0.0
2016,20,carlos-sainz-jr,daniil-kvyat,0.626355777359942,1.0
2016,20,fernando-alonso,jenson-button,0.49650917239919873,1.0
2016,20,esteban-ocon,pascal-wehrlein,0.3603817605743901,1.0
2016,21,lewis-hamilton,nico-rosberg,0.5680483719043913,1.0
2016,21,kimi-raikkonen,sebastian-vettel,0.28954265940282514,0.0
2016,21,daniel-ricciardo,max-verstappen,0.5745756034264793,0.0
2016,21,nico-hulkenberg,sergio-perez,0.4559707934081575,1.0
2016,21,esteban-gutierrez,romain-grosjean,0.5330725246545502,0.0
2016,21,esteban-ocon,pascal-wehrlein,0.40203945785518724,1.0
2016,21,felipe-nasr,marcus-ericsson,0.42084741185994157,0.0
2017,1,kimi-raikkonen,sebastian-vettel,0.2733662978024507,0.0
2017,1,lewis-hamilton,valtteri-bottas,0.5279088290626629,1.0
2017,1,esteban-ocon,sergio-perez,0.5226289669041755,0.0
2017,1,carlos-sainz-jr,daniil-kvyat,0.6501858404951675,1.0
2017,2,lewis-hamilton,valtteri-bottas,0.5602545216060311,1.0
2017,2,kimi-raikkonen,sebastian-vettel,0.2586218705627076,0.0
2017,2,daniel-ricciardo,max-verstappen,0.5353865724648184,0.0
2017,2,kevin-magnussen,romain-grosjean,0.38363500884268753,1.0
2017,2,esteban-ocon,sergio-perez,0.4865457546959211,0.0
2017,2,jolyon-palmer,nico-hulkenberg,0.4709594518493016,0.0
2017,3,kimi-raikkonen,sebastian-vettel,0.24515835825674848,0.0
2017,3,lewis-hamilton,valtteri-bottas,0.5899361056247866,1.0
2017,3,esteban-ocon,sergio-perez,0.45307164746784573,0.0
2017,3,jolyon-palmer,nico-hulkenberg,0.43870387327643334,0.0
2017,4,lewis-hamilton,valtteri-bottas,0.6170406575540338,0.0
2017,4,kimi-raikkonen,sebastian-vettel,0.2328400866668774,0.0
2017,4,esteban-ocon,sergio-perez,0.4222714278727777,0.0
2017,4,felipe-massa,lance-stroll,0.47879489324652247,1.0
2017,4,carlos-sainz-jr,daniil-kvyat,0.6718387855393614,1.0
2017,4,marcus-ericsson,pascal-wehrlein,0.4516463908935684,1.0
2017,5,esteban-ocon,sergio-perez,0.3940943899120688,0.0
2017,5,jolyon-palmer,nico-hulkenberg,0.4091108369522707,0.0
2017,5,carlos-sainz-jr,daniil-kvyat,0.6915098984982943,1.0
2017,5,marcus-ericsson,pascal-wehrlein,0.4893753253723476,0.0
2017,5,kevin-magnussen,romain-grosjean,0.4246190907036331,0.0
2017,5,felipe-massa,lance-stroll,0.5147814310316164,1.0
2017,6,kimi-raikkonen,sebastian-vettel,0.22154603245456114,0.0
2017,6,daniel-ricciardo,max-verstappen,0.4984626431538832,1.0
2017,6,lewis-hamilton,valtteri-bottas,0.5760335192441398,0.0
2017,6,carlos-sainz-jr,daniil-kvyat,0.7093906988613812,1.0
2017,6,kevin-magnussen,romain-grosjean,0.39623768578220686,0.0
2017,6,felipe-massa,lance-stroll,0.5481537392963765,1.0
2017,6,esteban-ocon,sergio-perez,0.3684141722307611,1.0
2017,7,lewis-hamilton,valtteri-bottas,0.5367703742532672,1.0
2017,7,kimi-raikkonen,sebastian-vettel,0.21116874021804374,0.0
2017,7,esteban-ocon,sergio-perez,0.4098676679753727,0.0
2017,7,jolyon-palmer,nico-hulkenberg,0.3820906579955667,0.0
2017,7,kevin-magnussen,romain-grosjean,0.3703650953194086,0.0
2017,7,marcus-ericsson,pascal-wehrlein,0.45568545781898917,1.0
2017,7,fernando-alonso,stoffel-vandoorne,0.6469866122480137,0.0
2017,8,lewis-hamilton,valtteri-bottas,0.5684040292475897,0.0
2017,8,kimi-raikkonen,sebastian-vettel,0.20161307136498205,0.0
2017,8,kevin-magnussen,romain-grosjean,0.3468336600774554,1.0
2017,8,fernando-alonso,stoffel-vandoorne,0.6051691625552198,1.0
2017,8,marcus-ericsson,pascal-wehrlein,0.49316921746098,0.0
2017,9,lewis-hamilton,valtteri-bottas,0.5295372556590273,0.0
2017,9,kimi-raikkonen,sebastian-vettel,0.1927949197009805,0.0
2017,9,esteban-ocon,sergio-perez,0.382780480580754,0.0
2017,9,felipe-massa,lance-stroll,0.5788522493304055,1.0
2017,9,jolyon-palmer,nico-hulkenberg,0.3574935820093259,1.0
2017,9,marcus-ericsson,pascal-wehrlein,0.4591928377471931,0.0
2017,10,lewis-hamilton,valtteri-bottas,0.49299300849513167,1.0
2017,10,kimi-raikkonen,sebastian-vettel,0.18463997202693114,1.0
2017,10,daniel-ricciardo,max-verstappen,0.5330593099753121,0.0
2017,10,esteban-ocon,sergio-perez,0.3581209218965901,1.0
2017,10,felipe-massa,lance-stroll,0.6069312435240436,1.0
2017,10,kevin-magnussen,romain-grosjean,0.3887641570138371,1.0
2017,10,marcus-ericsson,pascal-wehrlein,0.42788827088213977,1.0
2017,11,kimi-raikkonen,sebastian-vettel,0.22098600548834374,0.0
2017,11,lewis-hamilton,valtteri-bottas,0.5279860712225419,0.0
2017,11,fernando-alonso,stoffel-vandoorne,0.6309155188542505,1.0
2017,11,carlos-sainz-jr,daniil-kvyat,0.7256623129818578,1.0
2017,11,esteban-ocon,sergio-perez,0.3998304802204753,0.0
2017,11,jolyon-palmer,nico-hulkenberg,0.3992170871853581,1.0
2017,11,marcus-ericsson,pascal-wehrlein,0.4669502899154571,0.0
2017,12,lewis-hamilton,valtteri-bottas,0.4915441725214198,1.0
2017,12,kimi-raikkonen,sebastian-vettel,0.2106535765018905,0.0
2017,12,jolyon-palmer,nico-hulkenberg,0.4396147154372376,0.0
2017,12,kevin-magnussen,romain-grosjean,0.4295666818485273,0.0
2017,12,felipe-massa,lance-stroll,0.6325192860532061,1.0
2017,12,esteban-ocon,sergio-perez,0.37363620488142985,1.0
2017,12,carlos-sainz-jr,daniil-kvyat,0.7404919991897395,1.0
2017,13,lewis-hamilton,valtteri-bottas,0.526640996478583,1.0
2017,13,kimi-raikkonen,sebastian-vettel,0.20113814730865448,0.0
2017,13,daniel-ricciardo,max-verstappen,0.4962852472785626,1.0
2017,13,esteban-ocon,sergio-perez,0.4149405953171583,1.0
2017,13,felipe-massa,lance-stroll,0.6557877128731536,0.0
2017,13,kevin-magnussen,romain-grosjean,0.4007567544437037,1.0
2017,13,carlos-sainz-jr,daniil-kvyat,0.7540317486022203,0.0
2017,13,marcus-ericsson,pascal-wehrlein,0.4350158989469321,0.0
2017,14,lewis-hamilton,valtteri-bottas,0.5590873473888831,1.0
2017,14,esteban-ocon,sergio-perez,0.45464498249330904,0.0
2017,14,felipe-massa,lance-stroll,0.6138151553588848,0.0
2017,15,daniel-ricciardo,max-verstappen,0.5310405913100119,0.0
2017,15,lewis-hamilton,valtteri-bottas,0.5888679703074541,1.0
2017,15,esteban-ocon,sergio-perez,0.42371453233110434,0.0
2017,15,fernando-alonso,stoffel-vandoorne,0.6543302187840415,0.0
2017,15,felipe-massa,lance-stroll,0.5729198945802954,0.0
2017,15,kevin-magnussen,romain-grosjean,0.4410908860180051,1.0
2017,15,jolyon-palmer,nico-hulkenberg,0.40994423924441187,1.0
2017,15,marcus-ericsson,pascal-wehrlein,0.40573759547441157,0.0
2017,16,lewis-hamilton,valtteri-bottas,0.6160669784049415,1.0
2017,16,daniel-ricciardo,max-verstappen,0.49439781131723487,0.0
2017,16,esteban-ocon,sergio-perez,0.39541179375868585,1.0
2017,16,kevin-magnussen,romain-grosjean,0.47943569882518144,1.0
2017,16,fernando-alonso,stoffel-vandoorne,0.6123806096680299,1.0
2017,17,lewis-hamilton,valtteri-bottas,0.6408308726760584,1.0
2017,17,kimi-raikkonen,sebastian-vettel,0.19235614961184422,0.0
2017,17,esteban-ocon,sergio-perez,0.43596214722473636,1.0
2017,17,felipe-massa,lance-stroll,0.533815972475085,1.0
2017,17,brendon-hartley,daniil-kvyat,0.6034466580770084,0.0
2017,17,kevin-magnussen,romain-grosjean,0.5153785476569025,0.0
2017,18,lewis-hamilton,valtteri-bottas,0.6633400280881461,0.0
2017,18,kimi-raikkonen,sebastian-vettel,0.18423374594089825,1.0
2017,18,esteban-ocon,sergio-perez,0.4745927708704974,1.0
2017,18,felipe-massa,lance-stroll,0.5656886341515658,0.0
2017,18,kevin-magnussen,romain-grosjean,0.47979332251426254,1.0
2017,18,fernando-alonso,stoffel-vandoorne,0.6374776963518183,1.0
2017,19,kimi-raikkonen,sebastian-vettel,0.22054073625971646,0.0
2017,19,lewis-hamilton,valtteri-bottas,0.6212663395075378,0.0
2017,19,daniel-ricciardo,max-verstappen,0.460329344625829,0.0
2017,19,felipe-massa,lance-stroll,0.5269679423400345,1.0
2017,19,carlos-sainz-jr,nico-hulkenberg,0.6136622558355463,0.0
2017,19,marcus-ericsson,pascal-wehrlein,0.37901673180986717,1.0
2017,20,lewis-hamilton,valtteri-bottas,0.5801196119329303,0.0
2017,20,kimi-raikkonen,sebastian-vettel,0.21024393585914658,0.0
2017,20,esteban-ocon,sergio-perez,0.5108630047874555,0.0
2017,20,fernando-alonso,stoffel-vandoorne,0.660293383639366,1.0
2017,20,felipe-massa,lance-stroll,0.559388365564299,1.0
2017,20,kevin-magnussen,romain-grosjean,0.515711740659651,0.0
2017,20,marcus-ericsson,pascal-wehrlein,0.42015435846711613,0.0
2017,20,brendon-hartley,pierre-gasly,0.4791697543427772,1.0
2018,1,kimi-raikkonen,sebastian-vettel,0.20076046575996473,0.0
2018,1,lewis-hamilton,valtteri-bottas,0.540652926577045,1.0
2018,1,daniel-ricciardo,max-verstappen,0.428931838112878,1.0
2018,1,fernando-alonso,stoffel-vandoorne,0.6810206608987939,1.0
2018,1,carlos-sainz-jr,nico-hulkenberg,0.5727724116930725,0.0
2018,1,esteban-ocon,sergio-perez,0.47559495708223865,0.0
2018,2,lewis-hamilton,valtteri-bottas,0.5719701194385431,0.0
2018,2,brendon-hartley,pierre-gasly,0.5151307483577049,0.0
2018,2,kevin-magnussen,romain-grosjean,0.4801033223707145,1.0
2018,2,carlos-sainz-jr,nico-hulkenberg,0.5336761189198119,0.0
2018,2,fernando-alonso,stoffel-vandoorne,0.699854176740777,1.0
2018,2,charles-leclerc,marcus-ericsson,0.4951677519786158,0.0
2018,2,esteban-ocon,sergio-perez,0.4429718508186849,1.0
2018,2,lance-stroll,sergey-sirotkin,0.44456668618929773,1.0
2018,3,daniel-ricciardo,max-verstappen,0.46793940052163174,1.0
2018,3,lewis-hamilton,valtteri-bottas,0.5329154670744577,0.0
2018,3,kimi-raikkonen,sebastian-vettel,0.1920071846362562,1.0
2018,3,carlos-sainz-jr,nico-hulkenberg,0.49686218081422284,0.0
2018,3,fernando-alonso,stoffel-vandoorne,0.7169813263685008,1.0
2018,3,kevin-magnussen,romain-grosjean,0.5160005351321586,1.0
2018,3,esteban-ocon,sergio-perez,0.4812096073901356,1.0
2018,3,lance-stroll,sergey-sirotkin,0.482712745912341,1.0
2018,3,charles-leclerc,marcus-ericsson,0.4610417516762415,0.0
2018,3,brendon-hartley,pierre-gasly,0.479562791163271,0.0
2018,4,lewis-hamilton,valtteri-bottas,0.49615071955249135,1.0
2018,4,kimi-raikkonen,sebastian-vettel,0.2290357834368997,1.0
2018,4,charles-leclerc,marcus-ericsson,0.4295861016900588,1.0
2018,4,fernando-alonso,stoffel-vandoorne,0.7325772125989648,1.0
2018,4,brendon-hartley,pierre-gasly,0.44662847770598274,1.0
2018,5,lewis-hamilton,valtteri-bottas,0.5309158294884176,1.0
2018,5,daniel-ricciardo,max-verstappen,0.5046486626521022,0.0
2018,5,charles-leclerc,marcus-ericsson,0.46855932330801264,1.0
2018,5,lance-stroll,sergey-sirotkin,0.5184304360913138,1.0
2018,6,daniel-ricciardo,max-verstappen,0.46982561367067976,1.0
2018,6,kimi-raikkonen,sebastian-vettel,0.2687962630957969,0.0
2018,6,lewis-hamilton,valtteri-bottas,0.563021549305509,1.0
2018,6,esteban-ocon,sergio-perez,0.5170309335520739,1.0
2018,6,brendon-hartley,pierre-gasly,0.4846547453178365,0.0
2018,6,carlos-sainz-jr,nico-hulkenberg,0.46261004618210866,0.0
2018,6,charles-leclerc,marcus-ericsson,0.5052282160684753,0.0
2018,6,kevin-magnussen,romain-grosjean,0.5492790023474062,1.0
2018,6,lance-stroll,sergey-sirotkin,0.5515209234195426,0.0
2018,7,kimi-raikkonen,sebastian-vettel,0.25445156912953587,0.0
2018,7,lewis-hamilton,valtteri-bottas,0.5924675710330862,0.0
2018,7,daniel-ricciardo,max-verstappen,0.5064116996473382,0.0
2018,7,carlos-sainz-jr,nico-hulkenberg,0.4310267138057277,0.0
2018,7,esteban-ocon,sergio-perez,0.5502298395412626,1.0
2018,7,charles-leclerc,marcus-ericsson,0.4703632592469557,1.0
2018,7,kevin-magnussen,romain-grosjean,0.5798839001027379,0.0
2018,8,lewis-hamilton,valtteri-bottas,0.5524243159746636,1.0
2018,8,daniel-ricciardo,max-verstappen,0.47146142194067064,0.0
2018,8,kimi-raikkonen,sebastian-vettel,0.24134546508812524,1.0
2018,8,kevin-magnussen,romain-grosjean,0.5404287874028711,1.0
2018,8,carlos-sainz-jr,nico-hulkenberg,0.4020909134098471,1.0
2018,8,charles-leclerc,marcus-ericsson,0.506914047036035,1.0
2018,8,fernando-alonso,stoffel-vandoorne,0.7468022295594255,0.0
2018,8,lance-stroll,sergey-sirotkin,0.5136033635430246,0.0
2018,9,kimi-raikkonen,sebastian-vettel,0.28177112683549066,1.0
2018,9,kevin-magnussen,romain-grosjean,0.5717643213476503,0.0
2018,9,esteban-ocon,sergio-perez,0.5807554783561317,1.0
2018,9,fernando-alonso,stoffel-vandoorne,0.7058432566183188,1.0
2018,9,charles-leclerc,marcus-ericsson,0.5408841733908918,1.0
2018,9,lance-stroll,sergey-sirotkin,0.4781421978079879,0.0
2018,10,kimi-raikkonen,sebastian-vettel,0.3236081544928295,0.0
2018,10,lewis-hamilton,valtteri-bottas,0.5827664871036132,1.0
2018,10,daniel-ricciardo,max-verstappen,0.4391658432639465,1.0
2018,10,esteban-ocon,sergio-perez,0.6086680845739949,1.0
2018,10,fernando-alonso,stoffel-vandoorne,0.7224323194104498,1.0
2018,10,lance-stroll,sergey-sirotkin,0.44531893944056894,1.0
2018,11,lewis-hamilton,valtteri-bottas,0.6105028470988316,1.0
2018,11,carlos-sainz-jr,nico-hulkenberg,0.44236923838805414,0.0
2018,11,kevin-magnussen,romain-grosjean,0.5327203876668651,0.0
2018,11,esteban-ocon,sergio-perez,0.6340998652159364,0.0
2018,11,charles-leclerc,marcus-ericsson,0.5721824344546085,0.0
2018,11,brendon-hartley,pierre-gasly,0.45132579825670766,1.0
2018,11,fernando-alonso,stoffel-vandoorne,0.737546212240232,0.0
2018,12,lewis-hamilton,valtteri-bottas,0.6357693320477511,1.0
2018,12,kimi-raikkonen,sebastian-vettel,0.30435272925796314,0.0
2018,12,brendon-hartley,pierre-gasly,0.48907397164089256,0.0
2018,12,kevin-magnussen,romain-grosjean,0.49596828303323975,1.0
2018,12,carlos-sainz-jr,nico-hulkenberg,0.412465294647162,1.0
2018,12,esteban-ocon,sergio-perez,0.5925791452209892,1.0
2018,12,lance-stroll,sergey-sirotkin,0.48342145479321064,0.0
2018,13,lewis-hamilton,valtteri-bottas,0.6587410847555507,1.0
2018,13,esteban-ocon,sergio-perez,0.6194495001710176,0.0
2018,13,kevin-magnussen,romain-grosjean,0.5307466297021005,0.0
2018,13,brendon-hartley,pierre-gasly,0.4554069994661687,0.0
2018,13,lance-stroll,sergey-sirotkin,0.45018759045972256,0.0
2018,14,lewis-hamilton,valtteri-bottas,0.6796105045462458,1.0
2018,14,kimi-raikkonen,sebastian-vettel,0.2868461468864149,1.0
2018,14,esteban-ocon,sergio-perez,0.5783618112794336,1.0
2018,14,carlos-sainz-jr,nico-hulkenberg,0.45228528634269305,1.0
2018,14,lance-stroll,sergey-sirotkin,0.4196271382721091,1.0
2018,14,charles-leclerc,marcus-ericsson,0.5331167399675294,1.0
2018,15,lewis-hamilton,valtteri-bottas,0.6985724710666213,1.0
2018,15,daniel-ricciardo,max-verstappen,0.4776189858391581,0.0
2018,15,kimi-raikkonen,sebastian-vettel,0.328781904127679,0.0
2018,15,fernando-alonso,stoffel-vandoorne,0.6962411980485262,1.0
2018,15,carlos-sainz-jr,nico-hulkenberg,0.4899757827469816,1.0
2018,15,charles-leclerc,marcus-ericsson,0.5650457354017047,1.0
2018,15,brendon-hartley,pierre-gasly,0.4244136213352904,0.0
2018,15,lance-stroll,sergey-sirotkin,0.45910623414106433,1.0
2018,15,kevin-magnussen,romain-grosjean,0.49412306551772184,0.0
2018,16,lewis-hamilton,valtteri-bottas,0.7158151000566146,1.0
2018,16,kimi-raikkonen,sebastian-vettel,0.3090540783965047,0.0
2018,16,daniel-ricciardo,max-verstappen,0.44483673294823417,0.0
2018,16,charles-leclerc,marcus-ericsson,0.5943187631652636,1.0
2018,16,kevin-magnussen,romain-grosjean,0.46007516201119647,1.0
2018,16,esteban-ocon,sergio-perez,0.6064836152513939,1.0
2018,16,carlos-sainz-jr,nico-hulkenberg,0.5251843341177114,0.0
2018,16,fernando-alonso,stoffel-vandoorne,0.7136941442503442,1.0
2018,16,lance-stroll,sergey-sirotkin,0.4963783652273026,1.0
2018,17,lewis-hamilton,valtteri-bottas,0.7315144738674568,1.0
2018,17,daniel-ricciardo,max-verstappen,0.4147245917059827,0.0
2018,17,kimi-raikkonen,sebastian-vettel,0.2911221919983985,1.0
2018,17,esteban-ocon,sergio-perez,0.632111896058848,0.0
2018,17,brendon-hartley,pierre-gasly,0.39605007687703947,0.0
2018,17,fernando-alonso,stoffel-vandoorne,0.7295820414573904,1.0
2018,17,lance-stroll,sergey-sirotkin,0.5311269468688224,0.0
2018,18,kimi-raikkonen,sebastian-vettel,0.3331283143554043,1.0
2018,18,lewis-hamilton,valtteri-bottas,0.7458320729971362,1.0
2018,18,carlos-sainz-jr,nico-hulkenberg,0.4889290253791588,0.0
2018,18,brendon-hartley,pierre-gasly,0.37019431167320654,1.0
2018,18,lance-stroll,sergey-sirotkin,0.49447852669887127,0.0
2018,19,kimi-raikkonen,sebastian-vettel,0.37523889888312423,0.0
2018,19,lewis-hamilton,valtteri-bottas,0.7589139522535465,1.0
2018,19,charles-leclerc,marcus-ericsson,0.6210346171235713,1.0
2018,19,brendon-hartley,pierre-gasly,0.4115984067562942,0.0
2018,19,lance-stroll,sergey-sirotkin,0.46040402219424353,1.0
2018,19,kevin-magnussen,romain-grosjean,0.4972866958457951,1.0
2018,20,lewis-hamilton,valtteri-bottas,0.7708909836795862,1.0
2018,20,daniel-ricciardo,max-verstappen,0.38720872447760035,0.0
2018,20,kimi-raikkonen,sebastian-vettel,0.35126376887822164,1.0
2018,20,kevin-magnussen,romain-grosjean,0.5319692022055418,0.0
2018,20,esteban-ocon,sergio-perez,0.5906440863715297,0.0
2018,20,brendon-hartley,pierre-gasly,0.38435819160923285,1.0
2018,20,fernando-alonso,stoffel-vandoorne,0.7440683173432476,0.0
2018,20,lance-stroll,sergey-sirotkin,0.4975949239007241,0.0
2018,21,lewis-hamilton,valtteri-bottas,0.7818797063464779,1.0
2018,21,daniel-ricciardo,max-verstappen,0.36214871497190465,0.0
2018,21,kevin-magnussen,romain-grosjean,0.4952658848440302,0.0
2018,21,fernando-alonso,stoffel-vandoorne,0.7030008109166208,1.0
2018,21,lance-stroll,sergey-sirotkin,0.4632884500007877,1.0
2019,1,lewis-hamilton,valtteri-bottas,0.791983482499459,0.0
2019,1,max-verstappen,pierre-gasly,0.5805287202852615,1.0
2019,1,charles-leclerc,sebastian-vettel,0.6376851586657912,0.0
2019,1,antonio-giovinazzi,kimi-raikkonen,0.6660949783485338,0.0
2019,1,lance-stroll,sergio-perez,0.4831483852622171,1.0
2019,1,alexander-albon,daniil-kvyat,0.58333469727604,0.0
2019,1,george-russell,robert-kubica,0.5,1.0
2019,2,lewis-hamilton,valtteri-bottas,0.7536342453406802,1.0
2019,2,charles-leclerc,sebastian-vettel,0.5960737761187538,1.0
2019,2,max-verstappen,pierre-gasly,0.6084611718695472,1.0
2019,2,carlos-sainz-jr,lando-norris,0.5426407403074318,0.0
2019,2,antonio-giovinazzi,kimi-raikkonen,0.6239919324621467,0.0
2019,2,alexander-albon,daniil-kvyat,0.5437122503442104,1.0
2019,2,lance-stroll,sergio-perez,0.518835926938553,0.0
2019,2,george-russell,robert-kubica,0.5344839447268315,1.0
2019,2,daniel-ricciardo,nico-hulkenberg,0.35830458050055913,0.0
2019,3,lewis-hamilton,valtteri-bottas,0.7660541711725282,1.0
2019,3,charles-leclerc,sebastian-vettel,0.622633485550756,0.0
2019,3,max-verstappen,pierre-gasly,0.6339115792235527,1.0
2019,3,lance-stroll,sergio-perez,0.4830114708003584,0.0
2019,3,antonio-giovinazzi,kimi-raikkonen,0.5827594299483331,0.0
2019,3,kevin-magnussen,romain-grosjean,0.4611325613737366,0.0
2019,3,carlos-sainz-jr,lando-norris,0.5052600797032112,1.0
2019,3,george-russell,robert-kubica,0.5663027072530126,1.0
2019,4,lewis-hamilton,valtteri-bottas,0.7774391656360251,0.0
2019,4,charles-leclerc,sebastian-vettel,0.5814433126362198,0.0
2019,4,lance-stroll,sergio-perez,0.44980928618034577,0.0
2019,4,carlos-sainz-jr,lando-norris,0.5393541271873825,1.0
2019,4,antonio-giovinazzi,kimi-raikkonen,0.5431645659070484,0.0
2019,4,george-russell,robert-kubica,0.5954680308417515,1.0
2019,5,lewis-hamilton,valtteri-bottas,0.7380756375882204,1.0
2019,5,max-verstappen,pierre-gasly,0.6570529524322049,1.0
2019,5,charles-leclerc,sebastian-vettel,0.5419120254015038,0.0
2019,5,kevin-magnussen,romain-grosjean,0.42966950629763667,1.0
2019,5,alexander-albon,daniil-kvyat,0.5747782408756663,0.0
2019,5,daniel-ricciardo,nico-hulkenberg,0.3358744970130735,1.0
2019,5,antonio-giovinazzi,kimi-raikkonen,0.5057515464204893,0.0
2019,5,george-russell,robert-kubica,0.6220816646330228,1.0
2019,6,lewis-hamilton,valtteri-bottas,0.7518237824558273,1.0
2019,6,max-verstappen,pierre-gasly,0.6780769703993529,1.0
2019,6,carlos-sainz-jr,lando-norris,0.5707774782767936,1.0
2019,6,alexander-albon,daniil-kvyat,0.5355788622011181,0.0
2019,6,daniel-ricciardo,nico-hulkenberg,0.377956970580742,1.0
2019,6,kevin-magnussen,romain-grosjean,0.46863833919573783,0.0
2019,6,lance-stroll,sergio-perez,0.4192803831370901,0.0
2019,6,george-russell,robert-kubica,0.6463002853923677,1.0
2019,6,antonio-giovinazzi,kimi-raikkonen,0.4708488184038639,0.0
2019,7,lewis-hamilton,valtteri-bottas,0.7643965383642658,1.0
2019,7,charles-leclerc,sebastian-vettel,0.5045765215380353,0.0
2019,7,max-verstappen,pierre-gasly,0.697178710372024,1.0
2019,7,daniel-ricciardo,nico-hulkenberg,0.41912848357655874,1.0
2019,7,lance-stroll,sergio-perez,0.3913646380208283,1.0
2019,7,antonio-giovinazzi,kimi-raikkonen,0.43860206228072074,1.0
2019,7,kevin-magnussen,romain-grosjean,0.43656834475561357,0.0
2019,7,george-russell,robert-kubica,0.6683089908105445,1.0
2019,8,lewis-hamilton,valtteri-bottas,0.7759182422524568,1.0
2019,8,charles-leclerc,sebastian-vettel,0.4697586949002466,1.0
2019,8,max-verstappen,pierre-gasly,0.7145470367282936,1.0
2019,8,carlos-sainz-jr,lando-norris,0.5995576952992138,1.0
2019,8,antonio-giovinazzi,kimi-raikkonen,0.47708669270444526,0.0
2019,8,daniel-ricciardo,nico-hulkenberg,0.4586319456812195,0.0
2019,8,lance-stroll,sergio-perez,0.4320707579470015,0.0
2019,8,alexander-albon,daniil-kvyat,0.4986426217686912,0.0
2019,8,george-russell,robert-kubica,0.6883027456091153,0.0
2019,9,max-verstappen,pierre-gasly,0.7303590753409532,1.0
2019,9,charles-leclerc,sebastian-vettel,0.506349168493935,1.0
2019,9,lewis-hamilton,valtteri-bottas,0.7864993903696593,0.0
2019,9,carlos-sainz-jr,lando-norris,0.6258066484876172,0.0
2019,9,antonio-giovinazzi,kimi-raikkonen,0.4443462137037845,0.0
2019,9,lance-stroll,sergio-perez,0.4030451160470531,0.0
2019,9,daniel-ricciardo,nico-hulkenberg,0.42737332898516245,1.0
2019,9,alexander-albon,daniil-kvyat,0.46425867039370455,1.0
2019,9,kevin-magnussen,romain-grosjean,0.4071573268355322,0.0
2019,9,george-russell,robert-kubica,0.6461163303407185,1.0
2019,10,lewis-hamilton,valtteri-bottas,0.7477474363442338,1.0
2019,10,charles-leclerc,sebastian-vettel,0.5403616876661711,1.0
2019,10,max-verstappen,pierre-gasly,0.7447774753888486,0.0
2019,10,carlos-sainz-jr,lando-norris,0.5845189125485151,1.0
2019,10,daniel-ricciardo,nico-hulkenberg,0.46646207482613256,1.0
2019,10,alexander-albon,daniil-kvyat,0.5012053040484858,0.0
2019,10,lance-stroll,sergio-perez,0.37656390134434176,1.0
2019,10,george-russell,robert-kubica,0.6681418748174358,1.0
2019,11,max-verstappen,pierre-gasly,0.7037376083537369,1.0
2019,11,alexander-albon,daniil-kvyat,0.4666329360930585,0.0
2019,11,kevin-magnussen,romain-grosjean,0.38031035879925074,0.0
2019,11,george-russell,robert-kubica,0.6881509117967497,0.0
2019,11,antonio-giovinazzi,kimi-raikkonen,0.41427538845755807,0.0
2019,12,lewis-hamilton,valtteri-bottas,0.7606660193642156,1.0
2019,12,max-verstappen,pierre-gasly,0.7205155568260047,1.0
2019,12,charles-leclerc,sebastian-vettel,0.5717027106229076,0.0
2019,12,carlos-sainz-jr,lando-norris,0.6121013332097048,1.0
2019,12,antonio-giovinazzi,kimi-raikkonen,0.38679906847876017,0.0
2019,12,alexander-albon,daniil-kvyat,0.43472409768545633,1.0
2019,12,lance-stroll,sergio-perez,0.4177791853505314,0.0
2019,12,daniel-ricciardo,nico-hulkenberg,0.5032670886979367,0.0
2019,12,george-russell,robert-kubica,0.645964111543434,1.0
2019,13,charles-leclerc,sebastian-vettel,0.5326619888080876,1.0
2019,13,lewis-hamilton,valtteri-bottas,0.7724970225619385,1.0
2019,13,lance-stroll,sergio-perez,0.38999495866440503,0.0
2019,13,daniil-kvyat,pierre-gasly,0.5314111447722538,1.0
2019,13,daniel-ricciardo,nico-hulkenberg,0.46854427415920474,0.0
2019,13,kevin-magnussen,romain-grosjean,0.35587465720387895,1.0
2019,13,george-russell,robert-kubica,0.6680035896597446,1.0
2019,13,antonio-giovinazzi,kimi-raikkonen,0.36177605542270175,0.0
2019,14,charles-leclerc,sebastian-vettel,0.5646275728777345,1.0
2019,14,lewis-hamilton,valtteri-bottas,0.7833550535986384,0.0
2019,14,daniel-ricciardo,nico-hulkenberg,0.4364818221105878,1.0
2019,14,alexander-albon,max-verstappen,0.2679898296646937,1.0
2019,14,lance-stroll,sergio-perez,0.36468360364216107,0.0
2019,14,antonio-giovinazzi,kimi-raikkonen,0.3390285641841592,1.0
2019,14,george-russell,robert-kubica,0.6880252727709321,1.0
2019,15,charles-leclerc,sebastian-vettel,0.593936383981253,0.0
2019,15,alexander-albon,max-verstappen,0.30947315623450605,0.0
2019,15,lewis-hamilton,valtteri-bottas,0.7443833362447364,1.0
2019,15,carlos-sainz-jr,lando-norris,0.6372236284691208,0.0
2019,15,daniil-kvyat,pierre-gasly,0.5634771716594906,0.0
2019,15,daniel-ricciardo,nico-hulkenberg,0.4750838962370075,0.0
2019,15,kevin-magnussen,romain-grosjean,0.39763325814989275,0.0
2019,16,lewis-hamilton,valtteri-bottas,0.7575890603841118,1.0
2019,16,alexander-albon,max-verstappen,0.2915032978341022,0.0
2019,16,carlos-sainz-jr,lando-norris,0.5956235708899124,1.0
2019,16,lance-stroll,sergio-perez,0.34167048684693757,0.0
2019,16,daniil-kvyat,pierre-gasly,0.5248773542750362,1.0
2019,16,antonio-giovinazzi,kimi-raikkonen,0.3810737715792607,0.0
2019,17,lewis-hamilton,valtteri-bottas,0.7696768336275412,0.0
2019,17,charles-leclerc,sebastian-vettel,0.5538285065413263,0.0
2019,17,carlos-sainz-jr,lando-norris,0.6222233613510824,1.0
2019,17,daniil-kvyat,pierre-gasly,0.557463205766508,0.0
2019,17,lance-stroll,sergio-perez,0.3207633769942157,0.0
2019,17,antonio-giovinazzi,kimi-raikkonen,0.35656885018600326,0.0
2019,17,kevin-magnussen,romain-grosjean,0.37163559349492936,0.0
2019,17,george-russell,robert-kubica,0.7062219867309745,1.0
2019,18,lewis-hamilton,valtteri-bottas,0.7298413431166747,1.0
2019,18,charles-leclerc,sebastian-vettel,0.5157755670641796,0.0
2019,18,alexander-albon,max-verstappen,0.2751517770788612,1.0
2019,18,lance-stroll,sergio-perez,0.30176734107559017,0.0
2019,18,daniel-ricciardo,nico-hulkenberg,0.4425011031723962,1.0
2019,18,daniil-kvyat,pierre-gasly,0.5192005822556633,0.0
2019,18,kevin-magnussen,romain-grosjean,0.347988404866994,1.0
2019,18,george-russell,robert-kubica,0.7227771112975779,1.0
2019,19,lewis-hamilton,valtteri-bottas,0.7443049608381207,0.0
2019,19,alexander-albon,max-verstappen,0.3168347446696327,0.0
2019,19,daniel-ricciardo,nico-hulkenberg,0.48076576390168885,1.0
2019,19,carlos-sainz-jr,lando-norris,0.646429113997112,0.0
2019,19,lance-stroll,sergio-perez,0.2844940774483066,0.0
2019,19,antonio-giovinazzi,kimi-raikkonen,0.334297559199723,0.0
2019,19,daniil-kvyat,pierre-gasly,0.4833510802667661,1.0
2019,19,kevin-magnussen,romain-grosjean,0.389899252553256,0.0
2019,20,alexander-albon,max-verstappen,0.2981964272339324,0.0
2019,20,daniil-kvyat,pierre-gasly,0.5190245772032605,0.0
2019,20,carlos-sainz-jr,lando-norris,0.6046228103855324,1.0
2019,20,antonio-giovinazzi,kimi-raikkonen,0.31406538304823156,0.0
2019,20,daniel-ricciardo,nico-hulkenberg,0.5166175755532546,1.0
2019,20,lance-stroll,sergio-perez,0.2687672472415466,0.0
2019,20,kevin-magnussen,romain-grosjean,0.36459652279745186,1.0
2019,20,george-russell,robert-kubica,0.7378606148738396,1.0
2019,20,charles-leclerc,sebastian-vettel,0.48016270923940707,0.0
2019,21,lewis-hamilton,valtteri-bottas,0.7032466377044642,1.0
2019,21,alexander-albon,max-verstappen,0.2812447013098944,0.0
2019,21,charles-leclerc,sebastian-vettel,0.447181621046566,1.0
2019,21,carlos-sainz-jr,lando-norris,0.6304182075044852,0.0
2019,21,daniil-kvyat,pierre-gasly,0.48318715941013274,1.0
2019,21,daniel-ricciardo,nico-hulkenberg,0.5498484255146905,1.0
2019,21,antonio-giovinazzi,kimi-raikkonen,0.2956788370021736,0.0
2019,21,kevin-magnussen,romain-grosjean,0.4061509195606856,1.0
2019,21,george-russell,robert-kubica,0.7516273394903562,1.0
2020,1,lewis-hamilton,valtteri-bottas,0.7200686754988617,0.0
2020,1,charles-leclerc,sebastian-vettel,0.4851755129861754,1.0
2020,1,carlos-sainz-jr,lando-norris,0.5889969467931494,0.0
2020,1,daniil-kvyat,pierre-gasly,0.5188720152689859,0.0
2020,2,lewis-hamilton,valtteri-bottas,0.6782715721846826,1.0
2020,2,alexander-albon,max-verstappen,0.265805989472296,0.0
2020,2,carlos-sainz-jr,lando-norris,0.549109779043751,0.0
2020,2,lance-stroll,sergio-perez,0.2544250837909641,0.0
2020,2,daniil-kvyat,pierre-gasly,0.4830450788574558,1.0
2020,2,antonio-giovinazzi,kimi-raikkonen,0.27895326896987677,0.0
2020,2,kevin-magnussen,romain-grosjean,0.44625498001187497,1.0
2020,2,george-russell,nicholas-latifi,0.6428990345560722,1.0
2020,3,lewis-hamilton,valtteri-bottas,0.6973555705526882,1.0
2020,3,alexander-albon,max-verstappen,0.2517215705838342,0.0
2020,3,lance-stroll,sergio-perez,0.2413212422220022,1.0
2020,3,charles-leclerc,sebastian-vettel,0.5207221059981302,0.0
2020,3,daniel-ricciardo,esteban-ocon,0.5152679594267999,1.0
2020,3,carlos-sainz-jr,lando-norris,0.5113355190873371,1.0
2020,3,kevin-magnussen,romain-grosjean,0.48430305191396067,1.0
2020,3,antonio-giovinazzi,kimi-raikkonen,0.26371713286090087,0.0
2020,3,george-russell,nicholas-latifi,0.6652190114480208,1.0
2020,4,lewis-hamilton,valtteri-bottas,0.714707939727876,1.0
2020,4,alexander-albon,max-verstappen,0.23884816833430844,0.0
2020,4,charles-leclerc,sebastian-vettel,0.48476848794590516,1.0
2020,4,daniel-ricciardo,esteban-ocon,0.548602854940477,1.0
2020,4,carlos-sainz-jr,lando-norris,0.5449713481218784,0.0
2020,4,george-russell,nicholas-latifi,0.6854954202573638,1.0
2020,4,antonio-giovinazzi,kimi-raikkonen,0.24981390352184255,1.0
2020,5,alexander-albon,max-verstappen,0.22705757025098633,0.0
2020,5,lewis-hamilton,valtteri-bottas,0.7305056744340099,1.0
2020,5,charles-leclerc,sebastian-vettel,0.5203434688287039,1.0
2020,5,lance-stroll,nico-hulkenberg,0.3913349966934845,1.0
2020,5,daniel-ricciardo,esteban-ocon,0.579264026729607,0.0
2020,5,carlos-sainz-jr,lando-norris,0.5074473703413158,0.0
2020,5,daniil-kvyat,pierre-gasly,0.5187397744381179,1.0
2020,5,antonio-giovinazzi,kimi-raikkonen,0.2906310928336352,0.0
2020,5,george-russell,nicholas-latifi,0.7039218719252763,1.0
2020,6,lewis-hamilton,valtteri-bottas,0.74491127629535,1.0
2020,6,alexander-albon,max-verstappen,0.2162357042540552,0.0
2020,6,lance-stroll,sergio-perez,0.2990703748053621,1.0
2020,6,carlos-sainz-jr,lando-norris,0.47242271341013864,1.0
2020,6,daniil-kvyat,pierre-gasly,0.5518062423307328,0.0
2020,6,daniel-ricciardo,esteban-ocon,0.5398394469014739,1.0
2020,6,antonio-giovinazzi,kimi-raikkonen,0.2743575317126636,0.0
2020,6,kevin-magnussen,romain-grosjean,0.5199104411311299,1.0
2020,6,george-russell,nicholas-latifi,0.7206832780120863,1.0
2020,7,lewis-hamilton,valtteri-bottas,0.7580718369083249,1.0
2020,7,alexander-albon,max-verstappen,0.20628144999959488,0.0
2020,7,daniel-ricciardo,esteban-ocon,0.5712231644113589,1.0
2020,7,daniil-kvyat,pierre-gasly,0.5138718495761093,0.0
2020,7,lance-stroll,sergio-perez,0.34117676199936503,1.0
2020,7,charles-leclerc,sebastian-vettel,0.5532850959284188,0.0
2020,7,kevin-magnussen,romain-grosjean,0.5528858298566747,0.0
2020,8,daniil-kvyat,pierre-gasly,0.47839186772290293,0.0
2020,8,carlos-sainz-jr,lando-norris,0.5088375260325991,1.0
2020,8,lance-stroll,sergio-perez,0.3831935710582969,1.0
2020,8,lewis-hamilton,valtteri-bottas,0.7701192256553223,0.0
2020,8,daniel-ricciardo,esteban-ocon,0.599964884414857,1.0
2020,8,george-russell,nicholas-latifi,0.7359515112753869,0.0
2020,8,antonio-giovinazzi,kimi-raikkonen,0.2595261026888796,0.0
2020,9,lewis-hamilton,valtteri-bottas,0.7303093664069736,1.0
2020,9,charles-leclerc,sebastian-vettel,0.515263880283659,1.0
2020,10,lewis-hamilton,valtteri-bottas,0.7447321066239286,0.0
2020,10,alexander-albon,max-verstappen,0.19710535830912018,0.0
2020,10,daniel-ricciardo,esteban-ocon,0.6261774511151387,1.0
2020,10,charles-leclerc,sebastian-vettel,0.5485990896827659,1.0
2020,10,daniil-kvyat,pierre-gasly,0.4455490616184965,1.0
2020,10,antonio-giovinazzi,kimi-raikkonen,0.24598479485462812,1.0
2020,10,kevin-magnussen,romain-grosjean,0.5148879846371364,1.0
2020,10,george-russell,nicholas-latifi,0.6945929602733498,0.0
2020,11,nico-hulkenberg,sergio-perez,0.4243031369172202,0.0
2020,11,daniil-kvyat,pierre-gasly,0.48363821897869436,0.0
2020,11,charles-leclerc,sebastian-vettel,0.5792605746398272,1.0
2020,11,kevin-magnussen,romain-grosjean,0.5482521035365112,0.0
2020,11,antonio-giovinazzi,kimi-raikkonen,0.2866314979187593,1.0
2020,12,lewis-hamilton,valtteri-bottas,0.7036904606000768,1.0
2020,12,alexander-albon,max-verstappen,0.18862838220030248,0.0
2020,12,charles-leclerc,sebastian-vettel,0.60730390571706,1.0
2020,12,daniil-kvyat,pierre-gasly,0.450387619478654,0.0
2020,12,carlos-sainz-jr,lando-norris,0.5426627589904522,1.0
2020,12,daniel-ricciardo,esteban-ocon,0.6500237418880628,0.0
2020,12,antonio-giovinazzi,kimi-raikkonen,0.32856341565025216,0.0
2020,12,george-russell,nicholas-latifi,0.6524344591543194,1.0
2020,12,kevin-magnussen,romain-grosjean,0.5105292672852622,1.0
2020,13,lewis-hamilton,valtteri-bottas,0.7204726421930137,1.0
2020,13,charles-leclerc,sebastian-vettel,0.6328584379730948,1.0
2020,13,lance-stroll,sergio-perez,0.40994210752933696,0.0
2020,13,carlos-sainz-jr,lando-norris,0.5738151032361574,1.0
2020,13,antonio-giovinazzi,kimi-raikkonen,0.3088555544529986,0.0
2020,14,lewis-hamilton,valtteri-bottas,0.7357594830121978,1.0
2020,14,lance-stroll,sergio-perez,0.38284833236604576,0.0
2020,14,charles-leclerc,sebastian-vettel,0.6560959211754089,0.0
2020,14,carlos-sainz-jr,lando-norris,0.6023324501663492,1.0
2020,14,alexander-albon,max-verstappen,0.1807806774693907,0.0
2020,14,daniel-ricciardo,esteban-ocon,0.6081483137726783,1.0
2020,14,daniil-kvyat,pierre-gasly,0.4198104947937987,1.0
2020,15,lewis-hamilton,valtteri-bottas,0.7497080619768917,1.0
2020,15,alexander-albon,max-verstappen,0.1735005018169139,0.0
2020,15,carlos-sainz-jr,lando-norris,0.6283331862226339,0.0
2020,15,daniil-kvyat,pierre-gasly,0.45928060767340817,0.0
2020,15,daniel-ricciardo,esteban-ocon,0.6336268796734024,1.0
2020,15,charles-leclerc,sebastian-vettel,0.6141186517646365,1.0
2020,15,george-russell,nicholas-latifi,0.673881472582574,1.0
2020,15,antonio-giovinazzi,kimi-raikkonen,0.29094165268888966,0.0
2020,16,lance-stroll,sergio-perez,0.3581826292269893,0.0
2020,16,daniel-ricciardo,esteban-ocon,0.6567942380605089,0.0
2020,16,carlos-sainz-jr,lando-norris,0.586971073757802,1.0
2020,16,daniil-kvyat,pierre-gasly,0.427968855307965,1.0
2020,16,george-russell,valtteri-bottas,0.7584675457818083,0.0
2020,16,antonio-giovinazzi,kimi-raikkonen,0.27464034009162286,1.0
2020,16,kevin-magnussen,pietro-fittipaldi,0.493041145021816,1.0
2020,17,alexander-albon,max-verstappen,0.16673322364781554,0.0
2020,17,lewis-hamilton,valtteri-bottas,0.7429633330144857,0.0
2020,17,carlos-sainz-jr,lando-norris,0.6143375482792796,0.0
2020,17,daniel-ricciardo,esteban-ocon,0.6148064752960454,1.0
2020,17,daniil-kvyat,pierre-gasly,0.46702668314913975,0.0
2020,17,antonio-giovinazzi,kimi-raikkonen,0.3163101961312442,0.0
2020,17,charles-leclerc,sebastian-vettel,0.6390587472345268,1.0
2020,17,george-russell,nicholas-latifi,0.6706479417328888,1.0
2020,17,kevin-magnussen,pietro-fittipaldi,0.5280307513440078,1.0
2021,1,lewis-hamilton,valtteri-bottas,0.7018534736335222,1.0
2021,1,max-verstappen,sergio-perez,0.684177485139071,1.0
2021,1,daniel-ricciardo,lando-norris,0.6318356978291896,0.0
2021,1,carlos-sainz-jr,charles-leclerc,0.46793745406063947,0.0
2021,1,pierre-gasly,yuki-tsunoda,0.48815870910837295,0.0
2021,1,lance-stroll,sebastian-vettel,0.4906025380015244,1.0
2021,1,antonio-giovinazzi,kimi-raikkonen,0.2977195931476284,0.0
2021,1,george-russell,nicholas-latifi,0.6904278712659009,1.0
2021,2,max-verstappen,sergio-perez,0.7027237379481854,1.0
2021,2,daniel-ricciardo,lando-norris,0.5903753870422324,0.0
2021,2,carlos-sainz-jr,charles-leclerc,0.435923698301082,0.0
2021,2,pierre-gasly,yuki-tsunoda,0.45456139651871535,1.0
2021,2,lance-stroll,sebastian-vettel,0.5257665158996326,1.0
2021,2,esteban-ocon,fernando-alonso,0.29502991945731516,1.0
2021,2,antonio-giovinazzi,kimi-raikkonen,0.2808107366784636,0.0
2021,2,mick-schumacher,nikita-mazepin,0.5,1.0
2021,3,lewis-hamilton,valtteri-bottas,0.7188007125012406,1.0
2021,3,max-verstappen,sergio-perez,0.7195927515072694,1.0
2021,3,daniel-ricciardo,lando-norris,0.5504256579269179,0.0
2021,3,carlos-sainz-jr,charles-leclerc,0.4065677496143392,0.0
2021,3,esteban-ocon,fernando-alonso,0.3370902501169042,1.0
2021,3,pierre-gasly,yuki-tsunoda,0.4921139035213408,1.0
2021,3,lance-stroll,sebastian-vettel,0.5582821128556603,0.0
2021,3,george-russell,nicholas-latifi,0.708406698791266,1.0
2021,3,mick-schumacher,nikita-mazepin,0.5344839447268315,1.0
2021,4,lewis-hamilton,valtteri-bottas,0.7342354045714782,1.0
2021,4,max-verstappen,sergio-perez,0.7349573686736964,1.0
2021,4,carlos-sainz-jr,charles-leclerc,0.37977312707088967,0.0
2021,4,daniel-ricciardo,lando-norris,0.5125729599678578,1.0
2021,4,esteban-ocon,fernando-alonso,0.37915898663808106,1.0
2021,4,lance-stroll,sebastian-vettel,0.5199728542261783,1.0
2021,4,antonio-giovinazzi,kimi-raikkonen,0.26541042880819843,0.0
2021,4,george-russell,nicholas-latifi,0.7247662677400323,1.0
2021,4,mick-schumacher,nikita-mazepin,0.5663027072530126,1.0
2021,5,max-verstappen,sergio-perez,0.7489755124849452,1.0
2021,5,daniel-ricciardo,lando-norris,0.5461144542065476,0.0
2021,5,lance-stroll,sebastian-vettel,0.55294337920221,0.0
2021,5,pierre-gasly,yuki-tsunoda,0.5271699878516038,1.0
2021,5,esteban-ocon,fernando-alonso,0.4202920260921725,1.0
2021,5,antonio-giovinazzi,kimi-raikkonen,0.25136036131825806,1.0
2021,5,george-russell,nicholas-latifi,0.7396746884334489,1.0
2021,5,mick-schumacher,nikita-mazepin,0.5954680308417515,0.0
2021,6,max-verstappen,sergio-perez,0.7617896615191702,0.0
2021,6,pierre-gasly,yuki-tsunoda,0.5595743779240779,1.0
2021,6,carlos-sainz-jr,charles-leclerc,0.3553861552322045,0.0
2021,6,daniel-ricciardo,lando-norris,0.5085208030523978,0.0
2021,6,antonio-giovinazzi,kimi-raikkonen,0.2922433744977412,0.0
2021,6,lewis-hamilton,valtteri-bottas,0.7483162278364514,0.0
2021,6,mick-schumacher,nikita-mazepin,0.555293685088076,1.0
2021,6,george-russell,nicholas-latifi,0.7532848431279635,0.0
2021,7,max-verstappen,sergio-perez,0.7215224729739883,1.0
2021,7,lewis-hamilton,valtteri-bottas,0.7074196679452304,1.0
2021,7,daniel-ricciardo,lando-norris,0.47341933808754194,0.0
2021,7,pierre-gasly,yuki-tsunoda,0.5893136982912373,1.0
2021,7,esteban-ocon,fernando-alonso,0.45973848785692806,0.0
2021,7,lance-stroll,sebastian-vettel,0.5149421622054763,0.0
2021,7,carlos-sainz-jr,charles-leclerc,0.33322309117296767,1.0
2021,7,george-russell,nicholas-latifi,0.7126047923822378,1.0
2021,7,antonio-giovinazzi,kimi-raikkonen,0.2758256561331856,1.0
2021,7,mick-schumacher,nikita-mazepin,0.5853948448558464,1.0
2021,8,max-verstappen,sergio-perez,0.73671661524539,1.0
2021,8,lewis-hamilton,valtteri-bottas,0.7238675405340083,1.0
2021,8,daniel-ricciardo,lando-norris,0.4409682047610802,0.0
2021,8,carlos-sainz-jr,charles-leclerc,0.3753327732738144,1.0
2021,8,lance-stroll,sebastian-vettel,0.4793873574931441,1.0
2021,8,esteban-ocon,fernando-alonso,0.4283892716165557,0.0
2021,8,antonio-giovinazzi,kimi-raikkonen,0.3175256333003584,0.0
2021,8,mick-schumacher,nikita-mazepin,0.6129001990895648,1.0
2021,9,max-verstappen,sergio-perez,0.7505822868571895,1.0
2021,9,lewis-hamilton,valtteri-bottas,0.7388550155496877,0.0
2021,9,daniel-ricciardo,lando-norris,0.4111828729194301,0.0
2021,9,carlos-sainz-jr,charles-leclerc,0.41658600534699464,1.0
2021,9,pierre-gasly,yuki-tsunoda,0.6164733038016343,1.0
2021,9,george-russell,nicholas-latifi,0.7285896724298285,1.0
2021,9,lance-stroll,sebastian-vettel,0.515333506046587,1.0
2021,9,antonio-giovinazzi,kimi-raikkonen,0.2988244527470125,1.0
2021,9,mick-schumacher,nikita-mazepin,0.6379503726112492,1.0
2021,10,lewis-hamilton,valtteri-bottas,0.6975952638292547,1.0
2021,10,carlos-sainz-jr,charles-leclerc,0.4562122445598454,0.0
2021,10,daniel-ricciardo,lando-norris,0.3839793714934609,0.0
2021,10,esteban-ocon,fernando-alonso,0.3996810484651717,0.0
2021,10,pierre-gasly,yuki-tsunoda,0.6412004233878966,0.0
2021,10,george-russell,nicholas-latifi,0.7431627320386078,1.0
2021,10,antonio-giovinazzi,kimi-raikkonen,0.34092832443836074,1.0
2021,10,mick-schumacher,nikita-mazepin,0.6607228658697735,0.0
2021,11,esteban-ocon,fernando-alonso,0.37350013225436474,1.0
2021,11,pierre-gasly,yuki-tsunoda,0.5995061701940642,1.0
2021,11,george-russell,nicholas-latifi,0.7564730170213252,0.0
2021,11,antonio-giovinazzi,kimi-raikkonen,0.38294854193897326,0.0
2021,12,max-verstappen,sergio-perez,0.7632601181996524,1.0
2021,12,george-russell,nicholas-latifi,0.7159414265953099,1.0
2021,12,lewis-hamilton,valtteri-bottas,0.7149260098997318,1.0
2021,12,daniel-ricciardo,lando-norris,0.3592112829000909,1.0
2021,12,lance-stroll,sebastian-vettel,0.5486633573358572,0.0
2021,12,pierre-gasly,yuki-tsunoda,0.6257597267058518,1.0
2021,12,esteban-ocon,fernando-alonso,0.41480856853172887,1.0
2021,12,carlos-sainz-jr,charles-leclerc,0.4251524738612046,0.0
2021,12,antonio-giovinazzi,kimi-raikkonen,0.3582737645889446,1.0
2021,12,mick-schumacher,nikita-mazepin,0.618680819956189,1.0
2021,13,max-verstappen,sergio-perez,0.7748758057923851,1.0
2021,13,lewis-hamilton,valtteri-bottas,0.7307043623660585,1.0
2021,13,carlos-sainz-jr,charles-leclerc,0.3967247279891482,0.0
2021,13,esteban-ocon,fernando-alonso,0.4545191813591436,0.0
2021,13,daniel-ricciardo,lando-norris,0.40089614134039275,0.0
2021,13,lance-stroll,sebastian-vettel,0.5109158341932004,1.0
2021,13,antonio-giovinazzi,robert-kubica,0.509975388853155,1.0
2021,13,george-russell,nicholas-latifi,0.7316295845267353,0.0
2021,14,daniel-ricciardo,lando-norris,0.3746066492887302,1.0
2021,14,carlos-sainz-jr,charles-leclerc,0.3708084707796771,0.0
2021,14,lance-stroll,sebastian-vettel,0.5445835811977257,1.0
2021,14,esteban-ocon,fernando-alonso,0.423599129216738,0.0
2021,14,george-russell,nicholas-latifi,0.6901347740565399,1.0
2021,14,antonio-giovinazzi,robert-kubica,0.543714517783664,1.0
2021,15,lewis-hamilton,valtteri-bottas,0.7450926225285438,1.0
2021,15,max-verstappen,sergio-perez,0.7855410978622767,1.0
2021,15,carlos-sainz-jr,charles-leclerc,0.34723663327058724,1.0
2021,15,daniel-ricciardo,lando-norris,0.41588193857428235,1.0
2021,15,esteban-ocon,fernando-alonso,0.3953064338037636,0.0
2021,15,antonio-giovinazzi,kimi-raikkonen,0.4317263098760317,0.0
2021,15,george-russell,nicholas-latifi,0.7081401658185671,1.0
2021,15,lance-stroll,sebastian-vettel,0.5755777365806034,1.0
2021,15,pierre-gasly,yuki-tsunoda,0.64964402502838,1.0
2021,16,lewis-hamilton,valtteri-bottas,0.7582376782016276,0.0
2021,16,max-verstappen,sergio-perez,0.795355008908754,1.0
2021,16,carlos-sainz-jr,charles-leclerc,0.3891603507561829,0.0
2021,16,pierre-gasly,yuki-tsunoda,0.6713465862002475,1.0
2021,16,daniel-ricciardo,lando-norris,0.4555417436915485,0.0
2021,16,lance-stroll,sebastian-vettel,0.6039420323546546,1.0
2021,16,esteban-ocon,fernando-alonso,0.3695173865105227,1.0
2021,16,antonio-giovinazzi,kimi-raikkonen,0.4027302925975981,1.0
2021,16,george-russell,nicholas-latifi,0.724523572218833,1.0
2021,16,mick-schumacher,nikita-mazepin,0.6432079863856618,1.0
2021,17,max-verstappen,sergio-perez,0.8044051041301837,1.0
2021,17,lewis-hamilton,valtteri-bottas,0.7177915007057866,1.0
2021,17,carlos-sainz-jr,charles-leclerc,0.3639242329402014,0.0
2021,17,daniel-ricciardo,lando-norris,0.42453724832773254,1.0
2021,17,lance-stroll,sebastian-vettel,0.629798505276906,0.0
2021,17,antonio-giovinazzi,kimi-raikkonen,0.4429816159065634,1.0
2021,17,george-russell,nicholas-latifi,0.7394533327614062,1.0
2021,17,mick-schumacher,nikita-mazepin,0.6654996962933223,1.0
2021,18,max-verstappen,sergio-perez,0.8127687595453985,1.0
2021,18,lewis-hamilton,valtteri-bottas,0.7333155685521461,1.0
2021,18,carlos-sainz-jr,charles-leclerc,0.3409804684662675,0.0
2021,18,lance-stroll,sebastian-vettel,0.5883946125367973,0.0
2021,18,antonio-giovinazzi,kimi-raikkonen,0.48121881360002267,0.0
2021,18,esteban-ocon,fernando-alonso,0.4109404419746155,0.0
2021,18,daniel-ricciardo,lando-norris,0.4637714707053957,0.0
2021,18,george-russell,nicholas-latifi,0.7530825701945637,1.0
2021,19,lewis-hamilton,valtteri-bottas,0.7474763394799763,1.0
2021,19,max-verstappen,sergio-perez,0.8205143458634693,1.0
2021,19,carlos-sainz-jr,charles-leclerc,0.3201365470898337,0.0
2021,19,pierre-gasly,yuki-tsunoda,0.6910626708944649,1.0
2021,19,esteban-ocon,fernando-alonso,0.3837583679444784,1.0
2021,19,antonio-giovinazzi,kimi-raikkonen,0.4481555627634821,0.0
2021,19,george-russell,nicholas-latifi,0.7655490148619327,1.0
2021,19,mick-schumacher,nikita-mazepin,0.6857504226257578,0.0
2021,20,max-verstappen,sergio-perez,0.8277023108582902,1.0
2021,20,esteban-ocon,fernando-alonso,0.42473821852493876,0.0
2021,20,lance-stroll,sebastian-vettel,0.5485350154476792,1.0
2021,20,carlos-sainz-jr,charles-leclerc,0.3011976271501084,1.0
2021,20,daniel-ricciardo,lando-norris,0.43209386305799147,0.0
2021,20,pierre-gasly,yuki-tsunoda,0.7089839805089468,1.0
2021,20,antonio-giovinazzi,kimi-raikkonen,0.41776483828220373,0.0
2021,20,mick-schumacher,nikita-mazepin,0.6435593254538742,1.0
2021,21,lewis-hamilton,valtteri-bottas,0.7604180044862207,1.0
2021,21,esteban-ocon,fernando-alonso,0.39634646069518514,1.0
2021,21,daniel-ricciardo,lando-norris,0.4030662345316947,1.0
2021,21,pierre-gasly,yuki-tsunoda,0.7252919396490025,1.0
2021,21,carlos-sainz-jr,charles-leclerc,0.3433242285386373,0.0
2021,21,antonio-giovinazzi,kimi-raikkonen,0.38998186971635407,1.0
2021,22,max-verstappen,sergio-perez,0.8343861513777182,1.0
2021,22,lewis-hamilton,valtteri-bottas,0.7722696495200521,1.0
2021,22,carlos-sainz-jr,charles-leclerc,0.32226566676220936,1.0
2021,22,pierre-gasly,yuki-tsunoda,0.7401541599153116,0.0
2021,22,daniel-ricciardo,lando-norris,0.4433033041388549,0.0
2021,22,esteban-ocon,fernando-alonso,0.43685985999820487,0.0
2021,22,lance-stroll,sebastian-vettel,0.5792018293048999,0.0
2022,1,carlos-sainz-jr,charles-leclerc,0.36444703514412224,0.0
2022,1,george-russell,lewis-hamilton,0.5076162629898042,0.0
2022,1,kevin-magnussen,mick-schumacher,0.4409615426727664,1.0
2022,1,guanyu-zhou,valtteri-bottas,0.6103795027552964,0.0
2022,1,esteban-ocon,fernando-alonso,0.4074239579713541,1.0
2022,1,lance-stroll,nico-hulkenberg,0.4994202914766132,1.0
2022,1,alexander-albon,nicholas-latifi,0.45907584571536963,1.0
2022,1,daniel-ricciardo,lando-norris,0.4133204415046312,1.0
2022,1,max-verstappen,sergio-perez,0.840613275753773,0.0
2022,2,max-verstappen,sergio-perez,0.8069836031632017,1.0
2022,2,carlos-sainz-jr,charles-leclerc,0.3414555221105375,0.0
2022,2,george-russell,lewis-hamilton,0.47257950201457455,1.0
2022,2,lance-stroll,nico-hulkenberg,0.53394680796366,0.0
2022,3,george-russell,lewis-hamilton,0.5089839132424607,1.0
2022,3,daniel-ricciardo,lando-norris,0.4531007625007604,0.0
2022,3,esteban-ocon,fernando-alonso,0.4474720147178482,1.0
2022,3,guanyu-zhou,valtteri-bottas,0.5696084032993617,0.0
2022,3,pierre-gasly,yuki-tsunoda,0.6989405224527031,1.0
2022,3,alexander-albon,nicholas-latifi,0.49634987267011876,1.0
2022,3,kevin-magnussen,mick-schumacher,0.47931367343348347,0.0
2022,4,max-verstappen,sergio-perez,0.8151549947294041,1.0
2022,4,daniel-ricciardo,lando-norris,0.42229812926595905,0.0
2022,4,george-russell,lewis-hamilton,0.5427980850054028,1.0
2022,4,guanyu-zhou,valtteri-bottas,0.5306776703095746,0.0
2022,4,pierre-gasly,yuki-tsunoda,0.7161499795261951,0.0
2022,4,lance-stroll,sebastian-vettel,0.5386349491805379,0.0
2022,4,kevin-magnussen,mick-schumacher,0.44639880501523027,1.0
2022,4,alexander-albon,nicholas-latifi,0.5311005237160422,1.0
2022,5,max-verstappen,sergio-perez,0.8227272414389204,1.0
2022,5,carlos-sainz-jr,charles-leclerc,0.32056809798888436,0.0
2022,5,george-russell,lewis-hamilton,0.5739393048857844,1.0
2022,5,esteban-ocon,fernando-alonso,0.4854488697987476,1.0
2022,5,alexander-albon,nicholas-latifi,0.5631914481382435,1.0
2022,5,lance-stroll,sebastian-vettel,0.5015045288938997,1.0
2022,5,kevin-magnussen,mick-schumacher,0.48443848602338907,0.0
2022,6,max-verstappen,sergio-perez,0.829758608284604,1.0
2022,6,george-russell,lewis-hamilton,0.6024458795202124,1.0
2022,6,esteban-ocon,fernando-alonso,0.5209763732025171,1.0
2022,6,daniel-ricciardo,lando-norris,0.3941187633026777,0.0
2022,6,pierre-gasly,yuki-tsunoda,0.6742704948266317,0.0
2022,6,lance-stroll,sebastian-vettel,0.5358776140226226,0.0
2022,6,kevin-magnussen,mick-schumacher,0.45112618850717034,0.0
2022,6,alexander-albon,nicholas-latifi,0.5926229712865609,0.0
2022,7,max-verstappen,sergio-perez,0.836300679423276,0.0
2022,7,carlos-sainz-jr,charles-leclerc,0.30158985722648357,1.0
2022,7,george-russell,lewis-hamilton,0.6284364557063671,1.0
2022,7,daniel-ricciardo,lando-norris,0.36843635607165587,0.0
2022,7,esteban-ocon,fernando-alonso,0.5538685858584413,0.0
2022,7,guanyu-zhou,valtteri-bottas,0.49405861750879826,0.0
2022,7,lance-stroll,sebastian-vettel,0.49892226815315577,0.0
2022,7,pierre-gasly,yuki-tsunoda,0.632104602064201,1.0
2022,8,max-verstappen,sergio-perez,0.8021646015301829,1.0
2022,8,george-russell,lewis-hamilton,0.6520770816744915,1.0
2022,8,pierre-gasly,yuki-tsunoda,0.6554108588137313,1.0
2022,8,lance-stroll,sebastian-vettel,0.4645176805418584,0.0
2022,8,esteban-ocon,fernando-alonso,0.5158133104216791,0.0
2022,8,daniel-ricciardo,lando-norris,0.3450807585171204,1.0
2022,8,alexander-albon,nicholas-latifi,0.5525728385697859,1.0
2022,9,carlos-sainz-jr,charles-leclerc,0.34371988430592154,1.0
2022,9,george-russell,lewis-hamilton,0.6735568256462862,0.0
2022,9,esteban-ocon,fernando-alonso,0.4801978278100427,1.0
2022,9,guanyu-zhou,valtteri-bottas,0.4600155400724434,0.0
2022,9,lance-stroll,sebastian-vettel,0.43277962933693137,1.0
2022,9,daniel-ricciardo,lando-norris,0.38703977407773227,1.0
2022,9,alexander-albon,nicholas-latifi,0.5829025655066933,1.0
2022,10,carlos-sainz-jr,charles-leclerc,0.38569994614916236,1.0
2022,10,max-verstappen,sergio-perez,0.8106965298864017,0.0
2022,10,daniel-ricciardo,lando-norris,0.42790461719041434,0.0
2022,10,kevin-magnussen,mick-schumacher,0.420487558964487,0.0
2022,10,lance-stroll,sebastian-vettel,0.47158304357790354,0.0
2022,11,george-russell,lewis-hamilton,0.6313949537554134,0.0
2022,11,esteban-ocon,fernando-alonso,0.5160885707979063,1.0
2022,11,kevin-magnussen,mick-schumacher,0.39246623529361113,0.0
2022,11,daniel-ricciardo,lando-norris,0.3992383087073094,0.0
2022,11,guanyu-zhou,valtteri-bottas,0.4286436730035753,0.0
2022,11,lance-stroll,sebastian-vettel,0.4392777806061174,1.0
2022,11,pierre-gasly,yuki-tsunoda,0.676585269649707,1.0
2022,12,max-verstappen,sergio-perez,0.7739128407182014,1.0
2022,12,george-russell,lewis-hamilton,0.5899466837713346,0.0
2022,12,esteban-ocon,fernando-alonso,0.5493602491949704,0.0
2022,12,daniel-ricciardo,lando-norris,0.37309698382004597,0.0
2022,12,lance-stroll,sebastian-vettel,0.47772465845793943,1.0
2022,12,guanyu-zhou,valtteri-bottas,0.3999134600193497,0.0
2022,13,max-verstappen,sergio-perez,0.7846560351341813,1.0
2022,13,george-russell,lewis-hamilton,0.5500163317962826,0.0
2022,13,carlos-sainz-jr,charles-leclerc,0.42661231744878353,1.0
2022,13,daniel-ricciardo,lando-norris,0.34931672752616416,0.0
2022,13,esteban-ocon,fernando-alonso,0.5115710161671799,0.0
2022,13,lance-stroll,sebastian-vettel,0.5137839128166688,0.0
2022,13,pierre-gasly,yuki-tsunoda,0.6958230495432841,1.0
2022,13,guanyu-zhou,valtteri-bottas,0.3737117671084428,1.0
2022,13,kevin-magnussen,mick-schumacher,0.3669323771423416,0.0
2022,13,alexander-albon,nicholas-latifi,0.6106269836240416,1.0
2022,14,max-verstappen,sergio-perez,0.7945397774902769,1.0
2022,14,carlos-sainz-jr,charles-leclerc,0.4657403862649538,1.0
2022,14,esteban-ocon,fernando-alonso,0.47625288825779954,0.0
2022,14,lance-stroll,sebastian-vettel,0.47831009170553346,0.0
2022,14,pierre-gasly,yuki-tsunoda,0.7133137554847628,1.0
2022,14,alexander-albon,nicholas-latifi,0.6358822768993936,1.0
2022,14,daniel-ricciardo,lando-norris,0.327709335863789,0.0
2022,14,kevin-magnussen,mick-schumacher,0.3437139814403326,1.0
2022,15,max-verstappen,sergio-perez,0.8036525700999199,1.0
2022,15,george-russell,lewis-hamilton,0.51218797365028,1.0
2022,15,carlos-sainz-jr,charles-leclerc,0.5025919432034601,0.0
2022,15,esteban-ocon,fernando-alonso,0.4435779598646501,0.0
2022,15,daniel-ricciardo,lando-norris,0.3080795050552832,0.0
2022,15,lance-stroll,sebastian-vettel,0.44547368680619276,1.0
2022,15,alexander-albon,nicholas-latifi,0.6588437140928676,1.0
2022,15,kevin-magnussen,mick-schumacher,0.38569413248100826,0.0
2022,16,max-verstappen,sergio-perez,0.8120726198859285,1.0
2022,16,carlos-sainz-jr,charles-leclerc,0.46791828025228904,0.0
2022,16,george-russell,lewis-hamilton,0.5457588526948863,1.0
2022,16,pierre-gasly,yuki-tsunoda,0.7292355061917232,1.0
2022,16,nicholas-latifi,nyck-de-vries,0.3013853559130388,0.0
2022,16,guanyu-zhou,valtteri-bottas,0.41501390717317094,1.0
2022,16,kevin-magnussen,mick-schumacher,0.3607709585352089,0.0
2022,17,max-verstappen,sergio-perez,0.8198690301204606,0.0
2022,17,carlos-sainz-jr,charles-leclerc,0.43590606427931283,0.0
2022,17,daniel-ricciardo,lando-norris,0.2902358862524581,0.0
2022,17,lance-stroll,sebastian-vettel,0.4835672213997915,1.0
2022,17,george-russell,lewis-hamilton,0.5766559148169819,0.0
2022,17,kevin-magnussen,mick-schumacher,0.3381153393562046,1.0
2022,18,max-verstappen,sergio-perez,0.7839647089729108,1.0
2022,18,esteban-ocon,fernando-alonso,0.4135719161448004,1.0
2022,18,george-russell,lewis-hamilton,0.5373613674705959,0.0
2022,18,lance-stroll,sebastian-vettel,0.5192257299052332,0.0
2022,18,daniel-ricciardo,lando-norris,0.27399762922322873,0.0
2022,18,pierre-gasly,yuki-tsunoda,0.7437520745473611,0.0
2022,18,kevin-magnussen,mick-schumacher,0.38017188088316695,1.0
2022,18,guanyu-zhou,valtteri-bottas,0.45471483448135636,0.0
2022,19,max-verstappen,sergio-perez,0.7939031026955577,1.0
2022,19,george-russell,lewis-hamilton,0.5003115286566276,0.0
2022,19,daniel-ricciardo,lando-norris,0.25919780135232756,0.0
2022,19,esteban-ocon,fernando-alonso,0.4533405172756887,0.0
2022,19,kevin-magnussen,mick-schumacher,0.42127199526239956,1.0
2022,19,pierre-gasly,yuki-tsunoda,0.7026723581383044,0.0
2022,19,alexander-albon,nicholas-latifi,0.6886999715820354,1.0
2022,20,max-verstappen,sergio-perez,0.8030649570739554,1.0
2022,20,george-russell,lewis-hamilton,0.4658046963985909,0.0
2022,20,carlos-sainz-jr,charles-leclerc,0.40655162278571744,1.0
2022,20,daniel-ricciardo,lando-norris,0.24568475102919732,1.0
2022,20,esteban-ocon,fernando-alonso,0.42251801360177554,1.0
2022,20,guanyu-zhou,valtteri-bottas,0.4237786118744476,0.0
2022,20,alexander-albon,nicholas-latifi,0.7068354686064486,1.0
2022,20,lance-stroll,sebastian-vettel,0.48337450200472504,0.0
2022,20,kevin-magnussen,mick-schumacher,0.4606700568465839,0.0
2022,21,george-russell,lewis-hamilton,0.43396263319200135,1.0
2022,21,carlos-sainz-jr,charles-leclerc,0.44663812508887546,1.0
2022,21,esteban-ocon,fernando-alonso,0.46185401906295187,0.0
2022,21,max-verstappen,sergio-perez,0.8115291300425788,1.0
2022,21,guanyu-zhou,valtteri-bottas,0.395470297342961,0.0
2022,21,lance-stroll,sebastian-vettel,0.4501442639445988,1.0
2022,21,pierre-gasly,yuki-tsunoda,0.6605845992225992,1.0
2022,21,alexander-albon,nicholas-latifi,0.7233356421310233,1.0
2022,22,max-verstappen,sergio-perez,0.8193652990387482,1.0
2022,22,carlos-sainz-jr,charles-leclerc,0.4846638288938546,0.0
2022,22,george-russell,lewis-hamilton,0.472702230760991,1.0
2022,22,daniel-ricciardo,lando-norris,0.2863176405613279,0.0
2022,22,lance-stroll,sebastian-vettel,0.4879630578352845,1.0
2022,22,pierre-gasly,yuki-tsunoda,0.6812852123356848,0.0
2022,22,guanyu-zhou,valtteri-bottas,0.3696665450425846,1.0
2022,22,alexander-albon,nicholas-latifi,0.738369943549809,1.0
2022,22,kevin-magnussen,mick-schumacher,0.4292447318470884,0.0
2023,1,max-verstappen,sergio-perez,0.8266350598179041,1.0
2023,1,fernando-alonso,lance-stroll,0.6820231663969755,1.0
2023,1,george-russell,lewis-hamilton,0.5090984952742761,0.0
2023,1,guanyu-zhou,valtteri-bottas,0.4110854410587454,0.0
2023,1,alexander-albon,logan-sargeant,0.5173877400982239,1.0
2023,1,nyck-de-vries,yuki-tsunoda,0.5868707504774547,0.0
2023,1,kevin-magnussen,nico-hulkenberg,0.5660093386533104,1.0
2023,2,max-verstappen,sergio-perez,0.8333929155021491,0.0
2023,2,george-russell,lewis-hamilton,0.47395581432125605,1.0
2023,2,carlos-sainz-jr,charles-leclerc,0.45133418271704473,1.0
2023,2,esteban-ocon,pierre-gasly,0.48423938129676286,1.0
2023,2,kevin-magnussen,nico-hulkenberg,0.5951998185629487,1.0
2023,2,nyck-de-vries,yuki-tsunoda,0.5470815354165028,0.0
2023,2,guanyu-zhou,valtteri-bottas,0.38389055050848714,1.0
2023,2,lando-norris,oscar-piastri,0.6690400069934462,0.0
2023,3,max-verstappen,sergio-perez,0.7989254645353827,1.0
2023,3,fernando-alonso,lance-stroll,0.7007654118841575,1.0
2023,3,lando-norris,oscar-piastri,0.6269101077407331,1.0
2023,3,kevin-magnussen,nico-hulkenberg,0.6218373186814515,0.0
2023,3,guanyu-zhou,valtteri-bottas,0.42486585970771196,1.0
2023,3,nyck-de-vries,yuki-tsunoda,0.5094292610925143,0.0
2023,3,esteban-ocon,pierre-gasly,0.5198511994635294,0.0
2023,4,max-verstappen,sergio-perez,0.807702623422733,0.0
2023,4,carlos-sainz-jr,charles-leclerc,0.4890818533638866,0.0
2023,4,fernando-alonso,lance-stroll,0.7178105280482563,1.0
2023,4,george-russell,lewis-hamilton,0.5102686225003521,0.0
2023,4,lando-norris,oscar-piastri,0.6506897185164067,1.0
2023,4,alexander-albon,logan-sargeant,0.5505590434525921,1.0
2023,4,kevin-magnussen,nico-hulkenberg,0.5806723437229836,1.0
2023,4,esteban-ocon,pierre-gasly,0.4839570998024965,0.0
2023,5,max-verstappen,sergio-perez,0.7706481201532908,1.0
2023,5,fernando-alonso,lance-stroll,0.7333329099431293,1.0
2023,5,george-russell,lewis-hamilton,0.47504271661589553,1.0
2023,5,carlos-sainz-jr,charles-leclerc,0.45541428211961826,1.0
2023,5,esteban-ocon,pierre-gasly,0.4506818993390747,0.0
2023,5,kevin-magnussen,nico-hulkenberg,0.6085922263628286,1.0
2023,5,nyck-de-vries,yuki-tsunoda,0.47426301931207815,0.0
2023,5,guanyu-zhou,valtteri-bottas,0.46408337614299444,0.0
2023,5,alexander-albon,logan-sargeant,0.5810572074784055,1.0
2023,5,lando-norris,oscar-piastri,0.6722965198595054,1.0
2023,6,max-verstappen,sergio-perez,0.781656644942378,1.0
2023,6,esteban-ocon,pierre-gasly,0.42008025787042286,1.0
2023,6,george-russell,lewis-hamilton,0.5112828076277581,0.0
2023,6,carlos-sainz-jr,charles-leclerc,0.49291466297599235,0.0
2023,6,lando-norris,oscar-piastri,0.6919258157436041,1.0
2023,6,guanyu-zhou,valtteri-bottas,0.4323804917005339,0.0
2023,6,nyck-de-vries,yuki-tsunoda,0.4417450862167102,1.0
2023,6,alexander-albon,logan-sargeant,0.6089433982009592,1.0
2023,6,kevin-magnussen,nico-hulkenberg,0.6340308362593728,0.0
2023,7,max-verstappen,sergio-perez,0.7917781634633488,1.0
2023,7,george-russell,lewis-hamilton,0.47598505024124027,0.0
2023,7,carlos-sainz-jr,charles-leclerc,0.45895740584221556,1.0
2023,7,fernando-alonso,lance-stroll,0.7474921727219093,0.0
2023,7,esteban-ocon,pierre-gasly,0.4595371316340102,1.0
2023,7,guanyu-zhou,valtteri-bottas,0.4033282240350848,1.0
2023,7,nyck-de-vries,yuki-tsunoda,0.4800527995264565,0.0
2023,7,lando-norris,oscar-piastri,0.7097689527828654,0.0
2023,7,kevin-magnussen,nico-hulkenberg,0.5925119220838819,0.0
2023,7,alexander-albon,logan-sargeant,0.6343503900002251,1.0
2023,8,max-verstappen,sergio-perez,0.8011043730203496,1.0
2023,8,fernando-alonso,lance-stroll,0.7065614370960563,1.0
2023,8,carlos-sainz-jr,charles-leclerc,0.4962388193072908,0.0
2023,8,esteban-ocon,pierre-gasly,0.49678234955570155,1.0
2023,8,guanyu-zhou,valtteri-bottas,0.44355414593184544,0.0
2023,8,lando-norris,oscar-piastri,0.6677765371399282,0.0
2023,8,nyck-de-vries,yuki-tsunoda,0.447080275298806,0.0
2023,8,kevin-magnussen,nico-hulkenberg,0.5524667031718217,0.0
2023,9,max-verstappen,sergio-perez,0.8097163172677598,1.0
2023,9,carlos-sainz-jr,charles-leclerc,0.4620330107840629,0.0
2023,9,lando-norris,oscar-piastri,0.625657581954971,1.0
2023,9,fernando-alonso,lance-stroll,0.7230861526835395,1.0
2023,9,george-russell,lewis-hamilton,0.4433312077782285,1.0
2023,9,esteban-ocon,pierre-gasly,0.5315015686732422,0.0
2023,9,alexander-albon,logan-sargeant,0.6574517071158201,1.0
2023,9,guanyu-zhou,valtteri-bottas,0.4135501116779197,1.0
2023,9,nyck-de-vries,yuki-tsunoda,0.41677962598997886,1.0
2023,10,max-verstappen,sergio-perez,0.8176856027169356,1.0
2023,10,lando-norris,oscar-piastri,0.6495511730067047,1.0
2023,10,george-russell,lewis-hamilton,0.481548376582453,0.0
2023,10,fernando-alonso,lance-stroll,0.7381424282269199,1.0
2023,10,alexander-albon,logan-sargeant,0.678439206077229,1.0
2023,10,carlos-sainz-jr,charles-leclerc,0.4304966070366437,0.0
2023,10,guanyu-zhou,valtteri-bottas,0.4533197299634287,0.0
2023,10,nyck-de-vries,yuki-tsunoda,0.4563966013684746,0.0
2023,11,max-verstappen,sergio-perez,0.825075520811724,1.0
2023,11,lando-norris,oscar-piastri,0.6712622367942463,1.0
2023,11,george-russell,lewis-hamilton,0.44845953376817416,0.0
2023,11,carlos-sainz-jr,charles-leclerc,0.4016064769602797,0.0
2023,11,fernando-alonso,lance-stroll,0.751884802996429,1.0
2023,11,alexander-albon,logan-sargeant,0.6975079225456581,1.0
2023,11,guanyu-zhou,valtteri-bottas,0.42249894873235194,0.0
2023,11,daniel-ricciardo,yuki-tsunoda,0.42428665702122387,1.0
2023,11,kevin-magnussen,nico-hulkenberg,0.5144934469138003,0.0
2023,12,max-verstappen,sergio-perez,0.8319420615302069,1.0
2023,12,george-russell,lewis-hamilton,0.4180433785927625,0.0
2023,12,fernando-alonso,lance-stroll,0.764452400087218,1.0
2023,12,esteban-ocon,pierre-gasly,0.4948287056838809,1.0
2023,12,daniel-ricciardo,yuki-tsunoda,0.46353359237533,0.0
2023,12,guanyu-zhou,valtteri-bottas,0.3943020766501015,0.0
2023,12,alexander-albon,logan-sargeant,0.7148465473845056,1.0
2023,12,kevin-magnussen,nico-hulkenberg,0.47896997426762117,1.0
2023,13,max-verstappen,sergio-perez,0.838334816288152,1.0
2023,13,fernando-alonso,lance-stroll,0.7759694895533338,1.0
2023,13,esteban-ocon,pierre-gasly,0.5296895501219884,0.0
2023,13,george-russell,lewis-hamilton,0.39023598832267714,0.0
2023,13,lando-norris,oscar-piastri,0.6909860290218844,1.0
2023,13,kevin-magnussen,nico-hulkenberg,0.5149445864558048,0.0
2023,13,liam-lawson,yuki-tsunoda,0.4997249834183118,1.0
2023,14,max-verstappen,sergio-perez,0.8442977746346634,1.0
2023,14,carlos-sainz-jr,charles-leclerc,0.375253568632636,1.0
2023,14,george-russell,lewis-hamilton,0.36490291382048157,1.0
2023,14,alexander-albon,logan-sargeant,0.7306319620450503,1.0
2023,14,lando-norris,oscar-piastri,0.7089142818456453,1.0
2023,14,fernando-alonso,lance-stroll,0.7865465061191731,1.0
2023,14,guanyu-zhou,valtteri-bottas,0.36860320310230626,0.0
2023,14,kevin-magnussen,nico-hulkenberg,0.47938961261078084,0.0
2023,15,carlos-sainz-jr,charles-leclerc,0.4165092184052332,1.0
2023,15,lando-norris,oscar-piastri,0.7252284707193741,1.0
2023,15,george-russell,lewis-hamilton,0.40644946832162,0.0
2023,15,max-verstappen,sergio-perez,0.8498700227259516,1.0
2023,15,kevin-magnussen,nico-hulkenberg,0.4464688153667641,1.0
2023,15,alexander-albon,logan-sargeant,0.7450265408694139,1.0
2023,16,lando-norris,oscar-piastri,0.7400962676259417,1.0
2023,16,carlos-sainz-jr,charles-leclerc,0.45613912756049735,0.0
2023,16,george-russell,lewis-hamilton,0.37966535119647826,0.0
2023,16,esteban-ocon,pierre-gasly,0.4931352915468506,1.0
2023,16,liam-lawson,yuki-tsunoda,0.5342291343865836,1.0
2023,16,kevin-magnussen,nico-hulkenberg,0.4845044094463666,0.0
2023,17,max-verstappen,sergio-perez,0.8550863530759977,1.0
2023,17,lando-norris,oscar-piastri,0.7536700957797,0.0
2023,17,fernando-alonso,lance-stroll,0.7962812764493523,1.0
2023,17,esteban-ocon,pierre-gasly,0.5281181360825647,1.0
2023,17,guanyu-zhou,valtteri-bottas,0.3452323894236132,0.0
2023,17,kevin-magnussen,nico-hulkenberg,0.45118703550947314,1.0
2023,17,liam-lawson,yuki-tsunoda,0.5660684673766919,0.0
2023,18,max-verstappen,sergio-perez,0.8599777954135828,1.0
2023,18,daniel-ricciardo,yuki-tsunoda,0.4454813070213459,0.0
2023,18,alexander-albon,logan-sargeant,0.7581772459526193,1.0
2023,18,kevin-magnussen,nico-hulkenberg,0.4889435259306652,0.0
2023,18,guanyu-zhou,valtteri-bottas,0.323999064541259,0.0
2023,19,george-russell,lewis-hamilton,0.3552881569792041,0.0
2023,19,carlos-sainz-jr,charles-leclerc,0.4250853808847264,0.0
2023,19,lando-norris,oscar-piastri,0.7130075864257486,1.0
2023,19,daniel-ricciardo,yuki-tsunoda,0.41531492886445914,1.0
2023,19,alexander-albon,logan-sargeant,0.7702158219508137,1.0
2023,19,esteban-ocon,pierre-gasly,0.5604471809655105,1.0
2023,19,guanyu-zhou,valtteri-bottas,0.3047079743665422,1.0
2023,20,max-verstappen,sergio-perez,0.864572078133777,1.0
2023,20,lando-norris,oscar-piastri,0.7289565944798243,1.0
2023,20,fernando-alonso,lance-stroll,0.805260304528083,1.0
2023,20,esteban-ocon,pierre-gasly,0.5901123984420279,0.0
2023,20,daniel-ricciardo,yuki-tsunoda,0.45500162820826845,0.0
2023,21,max-verstappen,sergio-perez,0.8688940291381986,1.0
2023,21,carlos-sainz-jr,charles-leclerc,0.39666346225938054,0.0
2023,21,esteban-ocon,pierre-gasly,0.5501745477006628,1.0
2023,21,fernando-alonso,lance-stroll,0.8135600260273388,0.0
2023,21,george-russell,lewis-hamilton,0.33313406156326775,0.0
2023,21,alexander-albon,logan-sargeant,0.7812596198375801,1.0
2023,21,kevin-magnussen,nico-hulkenberg,0.4552864705859724,1.0
2023,21,daniel-ricciardo,yuki-tsunoda,0.424041713951605,1.0
2023,21,guanyu-zhou,valtteri-bottas,0.34686191801990396,1.0
2023,22,max-verstappen,sergio-perez,0.8729659240081244,1.0
2023,22,carlos-sainz-jr,charles-leclerc,0.37075269695736696,0.0
2023,22,george-russell,lewis-hamilton,0.31300832631073916,1.0
2023,22,lando-norris,oscar-piastri,0.7434975536608502,1.0
2023,22,fernando-alonso,lance-stroll,0.7770427703932026,1.0
2023,22,daniel-ricciardo,yuki-tsunoda,0.4633010534769241,0.0
2023,22,esteban-ocon,pierre-gasly,0.5807047994000044,1.0
2023,22,alexander-albon,logan-sargeant,0.7914127411767677,1.0
2023,22,kevin-magnussen,nico-hulkenberg,0.49279467745143085,0.0
2023,22,guanyu-zhou,valtteri-bottas,0.388791942272233,1.0
2024,1,max-verstappen,sergio-perez,0.8768077885645802,1.0
2024,1,carlos-sainz-jr,charles-leclerc,0.3471859413940163,1.0
2024,1,george-russell,lewis-hamilton,0.35519762126203,1.0
2024,1,lando-norris,oscar-piastri,0.7567791371030842,1.0
2024,1,fernando-alonso,lance-stroll,0.7875333687199628,1.0
2024,1,guanyu-zhou,valtteri-bottas,0.4295934524264529,1.0
2024,1,kevin-magnussen,nico-hulkenberg,0.45884643893037474,1.0
2024,1,daniel-ricciardo,yuki-tsunoda,0.4316616014908347,1.0
2024,1,alexander-albon,logan-sargeant,0.8007673082899989,1.0
2024,1,esteban-ocon,pierre-gasly,0.6086218414231842,1.0
2024,2,max-verstappen,sergio-perez,0.8804376620062561,1.0
2024,2,charles-leclerc,oliver-bearman,0.6278830674119956,1.0
2024,2,lando-norris,oscar-piastri,0.7689347410198044,0.0
2024,2,george-russell,lewis-hamilton,0.39697051491208335,1.0
2024,2,kevin-magnussen,nico-hulkenberg,0.4961347689549879,0.0
2024,2,alexander-albon,logan-sargeant,0.8094047426590224,1.0
2024,2,daniel-ricciardo,yuki-tsunoda,0.4705248749249209,0.0
2024,2,guanyu-zhou,valtteri-bottas,0.4685662873512321,0.0
2024,3,carlos-sainz-jr,charles-leclerc,0.37696214399100303,1.0
2024,3,lando-norris,oscar-piastri,0.7290565959426784,1.0
2024,3,fernando-alonso,lance-stroll,0.7971906518172941,0.0
2024,3,daniel-ricciardo,yuki-tsunoda,0.438303965073327,0.0
2024,3,kevin-magnussen,nico-hulkenberg,0.4619367018838333,0.0
2024,3,esteban-ocon,pierre-gasly,0.6340577852242757,0.0
2024,3,guanyu-zhou,valtteri-bottas,0.4365020700760897,0.0
2024,4,max-verstappen,sergio-perez,0.883871826014493,1.0
2024,4,carlos-sainz-jr,charles-leclerc,0.41816500487710156,1.0
2024,4,lando-norris,oscar-piastri,0.7435888090060634,1.0
2024,4,fernando-alonso,lance-stroll,0.7592469885647803,1.0
2024,4,george-russell,lewis-hamilton,0.43745903762165994,1.0
2024,4,kevin-magnussen,nico-hulkenberg,0.43040813641361975,0.0
2024,4,esteban-ocon,pierre-gasly,0.5925381657857277,1.0
2024,5,max-verstappen,sergio-perez,0.8871250044905128,1.0
2024,5,lando-norris,oscar-piastri,0.7568625724371025,1.0
2024,5,carlos-sainz-jr,charles-leclerc,0.4577152813039692,0.0
2024,5,george-russell,lewis-hamilton,0.4760071739075915,1.0
2024,5,fernando-alonso,lance-stroll,0.7711962257125884,1.0
2024,5,kevin-magnussen,nico-hulkenberg,0.40152563186139073,0.0
2024,5,esteban-ocon,pierre-gasly,0.6194121568974936,1.0
2024,5,alexander-albon,logan-sargeant,0.8173969844780774,1.0
2024,6,lando-norris,oscar-piastri,0.7690111840618395,1.0
2024,6,max-verstappen,sergio-perez,0.8902105379478388,1.0
2024,6,carlos-sainz-jr,charles-leclerc,0.4265318770458921,0.0
2024,6,george-russell,lewis-hamilton,0.5121824634887998,0.0
2024,6,daniel-ricciardo,yuki-tsunoda,0.40874496591926274,0.0
2024,6,fernando-alonso,lance-stroll,0.7821600746653988,1.0
2024,6,esteban-ocon,pierre-gasly,0.6438730219444144,1.0
2024,6,kevin-magnussen,nico-hulkenberg,0.3751799389759073,0.0
2024,6,guanyu-zhou,valtteri-bottas,0.4070967110761355,1.0
2024,7,max-verstappen,sergio-perez,0.8931405360203792,1.0
2024,7,lando-norris,oscar-piastri,0.7801534431283317,1.0
2024,7,carlos-sainz-jr,charles-leclerc,0.3979844456477347,0.0
2024,7,george-russell,lewis-hamilton,0.47682118931491224,0.0
2024,7,fernando-alonso,lance-stroll,0.7922415636482586,0.0
2024,7,daniel-ricciardo,yuki-tsunoda,0.38175720013090275,0.0
2024,7,kevin-magnussen,nico-hulkenberg,0.3512101705595246,0.0
2024,7,esteban-ocon,pierre-gasly,0.666103880304869,1.0
2024,7,guanyu-zhou,valtteri-bottas,0.4471592257402313,1.0
2024,8,carlos-sainz-jr,charles-leclerc,0.37195533054737717,0.0
2024,8,lando-norris,oscar-piastri,0.7903947719088049,0.0
2024,8,george-russell,lewis-hamilton,0.44410156808503737,1.0
2024,8,daniel-ricciardo,yuki-tsunoda,0.3571903373908801,0.0
2024,8,alexander-albon,logan-sargeant,0.8248076186267428,1.0
2024,8,fernando-alonso,lance-stroll,0.7539118924478087,1.0
2024,8,guanyu-zhou,valtteri-bottas,0.4851544304277154,0.0
2024,9,lando-norris,oscar-piastri,0.751926310424897,1.0
2024,9,george-russell,lewis-hamilton,0.48227445759691406,1.0
2024,9,fernando-alonso,lance-stroll,0.7663084232330329,1.0
2024,9,daniel-ricciardo,yuki-tsunoda,0.3348621838780225,1.0
2024,9,esteban-ocon,pierre-gasly,0.6862993286552991,0.0
2024,9,kevin-magnussen,nico-hulkenberg,0.329429391709007,0.0
2024,9,guanyu-zhou,valtteri-bottas,0.45178705135270336,0.0
2024,10,max-verstappen,sergio-perez,0.8959260110582864,1.0
2024,10,lando-norris,oscar-piastri,0.7644903986897584,1.0
2024,10,george-russell,lewis-hamilton,0.5180224285857442,0.0
2024,10,carlos-sainz-jr,charles-leclerc,0.3482790208493901,0.0
2024,10,esteban-ocon,pierre-gasly,0.6441089178797094,0.0
2024,10,kevin-magnussen,nico-hulkenberg,0.3096423944129362,0.0
2024,10,fernando-alonso,lance-stroll,0.7776724890352147,1.0
2024,10,guanyu-zhou,valtteri-bottas,0.4210934619649775,1.0
2024,10,daniel-ricciardo,yuki-tsunoda,0.3769554920578696,1.0
2024,10,alexander-albon,logan-sargeant,0.8316928924434939,1.0
2024,11,george-russell,lewis-hamilton,0.48225397523000035,1.0
2024,11,lando-norris,oscar-piastri,0.7760043495973008,0.0
2024,11,carlos-sainz-jr,charles-leclerc,0.32676666353778316,1.0
2024,11,max-verstappen,sergio-perez,0.898576995362315,1.0
2024,11,kevin-magnussen,nico-hulkenberg,0.29165719892557673,0.0
2024,11,daniel-ricciardo,yuki-tsunoda,0.4181585610418456,1.0
2024,11,esteban-ocon,pierre-gasly,0.6023506664977443,0.0
2024,11,fernando-alonso,lance-stroll,0.7881124815872135,0.0
2024,11,alexander-albon,logan-sargeant,0.8381026227379614,1.0
2024,11,guanyu-zhou,valtteri-bottas,0.46050036789328486,0.0
2024,12,max-verstappen,sergio-perez,0.9011026442453209,1.0
2024,12,lando-norris,oscar-piastri,0.7365500077993785,1.0
2024,12,carlos-sainz-jr,charles-leclerc,0.36892661971877055,1.0
2024,12,kevin-magnussen,nico-hulkenberg,0.27529191578395323,0.0
2024,12,fernando-alonso,lance-stroll,0.7494764064833274,0.0
2024,12,alexander-albon,logan-sargeant,0.8440809963477627,1.0
2024,12,daniel-ricciardo,yuki-tsunoda,0.4577091493885918,0.0
2024,12,guanyu-zhou,valtteri-bottas,0.4290888951298545,0.0
2024,13,lando-norris,oscar-piastri,0.7504301030379752,0.0
2024,13,george-russell,lewis-hamilton,0.5180033600669535,0.0
2024,13,carlos-sainz-jr,charles-leclerc,0.4103660469066328,0.0
2024,13,max-verstappen,sergio-perez,0.9035113267993526,1.0
2024,13,daniel-ricciardo,yuki-tsunoda,0.4265262487382833,0.0
2024,13,fernando-alonso,lance-stroll,0.7086287943528443,0.0
2024,13,kevin-magnussen,nico-hulkenberg,0.260378379660948,0.0
2024,13,alexander-albon,logan-sargeant,0.849667272136499,1.0
2024,13,guanyu-zhou,valtteri-bottas,0.4003202177457746,0.0
2024,14,lando-norris,oscar-piastri,0.7096234583059557,0.0
2024,14,carlos-sainz-jr,charles-leclerc,0.38323476407980184,0.0
2024,14,max-verstappen,sergio-perez,0.9058107059814966,1.0
2024,14,fernando-alonso,lance-stroll,0.6666189315709266,1.0
2024,14,esteban-ocon,pierre-gasly,0.5618893875902262,1.0
2024,14,daniel-ricciardo,yuki-tsunoda,0.39797930521816544,1.0
2024,14,alexander-albon,logan-sargeant,0.85489639390019,1.0
2024,14,kevin-magnussen,nico-hulkenberg,0.24676365061058414,1.0
2024,15,lando-norris,oscar-piastri,0.6676287705098857,1.0
2024,15,max-verstappen,sergio-perez,0.9080078094050441,1.0
2024,15,carlos-sainz-jr,charles-leclerc,0.358534071735371,0.0
2024,15,george-russell,lewis-hamilton,0.48223622155213725,1.0
2024,15,esteban-ocon,pierre-gasly,0.5914319219835961,0.0
2024,15,fernando-alonso,lance-stroll,0.6867672618711698,1.0
2024,15,kevin-magnussen,nico-hulkenberg,0.2874459016518619,0.0
2024,15,daniel-ricciardo,yuki-tsunoda,0.43842727185460645,1.0
2024,15,alexander-albon,logan-sargeant,0.8597995240138433,1.0
2024,15,guanyu-zhou,valtteri-bottas,0.3740821728432062,0.0
2024,16,carlos-sainz-jr,charles-leclerc,0.3360829974378811,0.0
2024,16,lando-norris,oscar-piastri,0.6876847326409248,0.0
2024,16,george-russell,lewis-hamilton,0.5179868317917561,0.0
2024,16,max-verstappen,sergio-perez,0.9101090920290442,1.0
2024,16,alexander-albon,franco-colapinto,0.7233163456351399,1.0
2024,16,kevin-magnussen,nico-hulkenberg,0.2714565059056397,1.0
2024,16,fernando-alonso,lance-stroll,0.7050781782810123,1.0
2024,16,esteban-ocon,pierre-gasly,0.5514347469043558,1.0
2024,16,guanyu-zhou,valtteri-bottas,0.350212258758151,0.0
2024,17,lando-norris,oscar-piastri,0.6454968347147381,0.0
2024,17,carlos-sainz-jr,charles-leclerc,0.3156874396280882,0.0
2024,17,george-russell,lewis-hamilton,0.48222083303791613,1.0
2024,17,max-verstappen,sergio-perez,0.9121204917741008,1.0
2024,17,fernando-alonso,lance-stroll,0.7217358334852416,1.0
2024,17,alexander-albon,franco-colapinto,0.7383523463924248,1.0
2024,17,nico-hulkenberg,oliver-bearman,0.583183247657754,0.0
2024,17,esteban-ocon,pierre-gasly,0.5818597433526277,0.0
2024,17,guanyu-zhou,valtteri-bottas,0.32852285804099246,1.0
2024,18,lando-norris,oscar-piastri,0.6037095170697444,1.0
2024,18,max-verstappen,sergio-perez,0.914047478951143,1.0
2024,18,george-russell,lewis-hamilton,0.5179725053626401,1.0
2024,18,carlos-sainz-jr,charles-leclerc,0.2971534688311731,0.0
2024,18,fernando-alonso,lance-stroll,0.7369111496901218,1.0
2024,18,kevin-magnussen,nico-hulkenberg,0.33062234165946264,0.0
2024,18,daniel-ricciardo,yuki-tsunoda,0.47692164250657587,0.0
2024,18,esteban-ocon,pierre-gasly,0.5423082690500937,1.0
2024,18,guanyu-zhou,valtteri-bottas,0.37067140357562206,1.0
2024,19,carlos-sainz-jr,charles-leclerc,0.2802954884195309,0.0
2024,19,max-verstappen,sergio-perez,0.9158951002692755,1.0
2024,19,lando-norris,oscar-piastri,0.62958684203877,1.0
2024,19,kevin-magnussen,nico-hulkenberg,0.31072629887539144,0.0
2024,19,liam-lawson,yuki-tsunoda,0.5266775662531484,1.0
2024,19,alexander-albon,franco-colapinto,0.7520765897707848,0.0
2024,19,esteban-ocon,pierre-gasly,0.5734897391073973,0.0
2024,19,fernando-alonso,lance-stroll,0.7507599842557907,1.0
2024,19,guanyu-zhou,valtteri-bottas,0.41206200688395234,0.0
2024,20,carlos-sainz-jr,charles-leclerc,0.264940754254019,1.0
2024,20,lando-norris,oscar-piastri,0.6531226573069822,1.0
2024,20,george-russell,lewis-hamilton,0.5510985134123438,0.0
2024,20,max-verstappen,sergio-perez,0.9176680180856193,1.0
2024,20,kevin-magnussen,nico-hulkenberg,0.2926428394112072,1.0
2024,20,esteban-ocon,pierre-gasly,0.534356412780405,0.0
2024,20,guanyu-zhou,valtteri-bottas,0.38478085140583235,0.0
2024,21,max-verstappen,sergio-perez,0.9193705454716654,1.0
2024,21,esteban-ocon,pierre-gasly,0.4974986247524086,1.0
2024,21,george-russell,lewis-hamilton,0.5132059228047176,1.0
2024,21,lando-norris,oscar-piastri,0.6745066408767039,1.0
2024,21,liam-lawson,yuki-tsunoda,0.5591210181165878,0.0
2024,21,guanyu-zhou,valtteri-bottas,0.35994025442340283,0.0
2024,22,george-russell,lewis-hamilton,0.5466990349140269,1.0
2024,22,carlos-sainz-jr,charles-leclerc,0.30632849045597743,1.0
2024,22,max-verstappen,sergio-perez,0.9210066775948882,1.0
2024,22,lando-norris,oscar-piastri,0.6939341084263908,1.0
2024,22,kevin-magnussen,nico-hulkenberg,0.3346711944374083,0.0
2024,22,liam-lawson,yuki-tsunoda,0.5207642192043199,0.0
2024,22,fernando-alonso,lance-stroll,0.7634227624021961,1.0
2024,22,guanyu-zhou,valtteri-bottas,0.3373605840042298,1.0
2024,23,carlos-sainz-jr,charles-leclerc,0.34849255122814665,0.0
2024,23,lando-norris,oscar-piastri,0.7115955222486717,0.0
2024,23,george-russell,lewis-hamilton,0.5775182612211588,1.0
2024,23,guanyu-zhou,valtteri-bottas,0.379426158776848,1.0
2024,23,liam-lawson,yuki-tsunoda,0.48480772832671204,0.0
2024,24,lando-norris,oscar-piastri,0.6696327742142852,1.0
2024,24,carlos-sainz-jr,charles-leclerc,0.3269606381594756,1.0
2024,24,george-russell,lewis-hamilton,0.6057136332356546,0.0
2024,24,jack-doohan,pierre-gasly,0.4585751376386553,0.0
2024,24,kevin-magnussen,nico-hulkenberg,0.3144048318693296,0.0
2024,24,fernando-alonso,lance-stroll,0.7750249861993618,1.0
2024,24,liam-lawson,yuki-tsunoda,0.4514670093043583,0.0
2025,1,lando-norris,oscar-piastri,0.6895054945505281,1.0
2025,1,george-russell,kimi-antonelli,0.7273867565102885,1.0
2025,1,charles-leclerc,lewis-hamilton,0.46801458011249425,1.0
2025,1,esteban-ocon,oliver-bearman,0.5660519251321007,1.0
2025,2,lando-norris,oscar-piastri,0.7075679350480558,0.0
2025,2,george-russell,kimi-antonelli,0.7420651575677679,1.0
2025,2,liam-lawson,max-verstappen,0.10727992183804641,0.0
2025,2,esteban-ocon,oliver-bearman,0.5952387539679791,1.0
2025,2,alexander-albon,carlos-sainz-jr,0.7060166396475365,1.0
2025,2,isack-hadjar,yuki-tsunoda,0.45968816015576275,1.0
2025,2,gabriel-bortoleto,nico-hulkenberg,0.4293683013143056,1.0
2025,3,max-verstappen,yuki-tsunoda,0.8686197421712853,1.0
2025,3,lando-norris,oscar-piastri,0.6655425748251259,1.0
2025,3,charles-leclerc,lewis-hamilton,0.5047189525009596,1.0
2025,3,george-russell,kimi-antonelli,0.7554696319820631,1.0
2025,3,isack-hadjar,liam-lawson,0.5615266177505956,1.0
2025,3,alexander-albon,carlos-sainz-jr,0.72259016412267,1.0
2025,3,esteban-ocon,oliver-bearman,0.6218727898936744,0.0
2025,3,fernando-alonso,lance-stroll,0.7856782246547199,1.0
2025,3,jack-doohan,pierre-gasly,0.42732117786741514,0.0
2025,3,gabriel-bortoleto,nico-hulkenberg,0.46835297178351915,0.0
2025,4,lando-norris,oscar-piastri,0.6857893779140346,0.0
2025,4,george-russell,kimi-antonelli,0.7677351170649956,1.0
2025,4,charles-leclerc,lewis-hamilton,0.538853407287102,1.0
2025,4,max-verstappen,yuki-tsunoda,0.8727073272733704,1.0
2025,4,jack-doohan,pierre-gasly,0.3987053659602557,0.0
2025,4,esteban-ocon,oliver-bearman,0.5807066862005116,1.0
2025,4,isack-hadjar,liam-lawson,0.5911000391576485,1.0
2025,4,fernando-alonso,lance-stroll,0.7954813300929215,1.0
2025,5,lando-norris,oscar-piastri,0.643598323683085,0.0
2025,5,charles-leclerc,lewis-hamilton,0.5703176064215747,1.0
2025,5,george-russell,kimi-antonelli,0.778981945385972,1.0
2025,5,alexander-albon,carlos-sainz-jr,0.7376901433490901,0.0
2025,5,isack-hadjar,liam-lawson,0.6181015377758305,1.0
2025,5,fernando-alonso,lance-stroll,0.8045217227635013,1.0
2025,5,esteban-ocon,oliver-bearman,0.6086235630817497,0.0
2025,5,gabriel-bortoleto,nico-hulkenberg,0.4363058639959213,0.0
2025,6,lando-norris,oscar-piastri,0.6018510056220724,0.0
2025,6,george-russell,kimi-antonelli,0.7893169402309406,1.0
2025,6,max-verstappen,yuki-tsunoda,0.8765636380121613,1.0
2025,6,alexander-albon,carlos-sainz-jr,0.6963900482230195,1.0
2025,6,charles-leclerc,lewis-hamilton,0.5991375195317811,1.0
2025,6,fernando-alonso,lance-stroll,0.8128766502087996,1.0
2025,7,max-verstappen,yuki-tsunoda,0.880206835944014,1.0
2025,7,lando-norris,oscar-piastri,0.5614099024494671,1.0
2025,7,charles-leclerc,lewis-hamilton,0.625424005417122,0.0
2025,7,alexander-albon,carlos-sainz-jr,0.7138295555364758,1.0
2025,7,isack-hadjar,liam-lawson,0.6426812004293401,1.0
2025,7,fernando-alonso,lance-stroll,0.8206143698926466,1.0
2025,7,gabriel-bortoleto,nico-hulkenberg,0.4069172617532979,0.0
2025,7,franco-colapinto,pierre-gasly,0.4221327282642309,0.0
2025,8,lando-norris,oscar-piastri,0.5909932573278471,1.0
2025,8,charles-leclerc,lewis-hamilton,0.5841477902593141,1.0
2025,8,max-verstappen,yuki-tsunoda,0.8836533110945416,1.0
2025,8,isack-hadjar,liam-lawson,0.6650211066790298,1.0
2025,8,esteban-ocon,oliver-bearman,0.5679178871675167,1.0
2025,8,alexander-albon,carlos-sainz-jr,0.7297054045973272,1.0
2025,8,george-russell,kimi-antonelli,0.7988346709358595,1.0
2025,8,gabriel-bortoleto,nico-hulkenberg,0.38009160399006325,1.0
2025,9,lando-norris,oscar-piastri,0.618004215681597,0.0
2025,9,charles-leclerc,lewis-hamilton,0.6117628388255374,1.0
2025,9,gabriel-bortoleto,nico-hulkenberg,0.42119434464160915,0.0
2025,9,isack-hadjar,liam-lawson,0.6853156244069545,1.0
2025,9,franco-colapinto,pierre-gasly,0.39396778436797814,0.0
2025,9,max-verstappen,yuki-tsunoda,0.8869178834837552,1.0
2025,9,esteban-ocon,oliver-bearman,0.5969445053932565,1.0
2025,10,george-russell,kimi-antonelli,0.8076187365537543,1.0
2025,10,max-verstappen,yuki-tsunoda,0.8900139790617717,1.0
2025,10,lando-norris,oscar-piastri,0.5769645466802898,0.0
2025,10,charles-leclerc,lewis-hamilton,0.6369156812877276,1.0
2025,10,fernando-alonso,lance-stroll,0.8277952301248803,1.0
2025,10,gabriel-bortoleto,nico-hulkenberg,0.3931112821350546,0.0
2025,10,esteban-ocon,oliver-bearman,0.6234266450755898,1.0
2025,10,franco-colapinto,pierre-gasly,0.3682989408129209,1.0
2025,11,lando-norris,oscar-piastri,0.5376544805285345,1.0
2025,11,charles-leclerc,lewis-hamilton,0.6597827192138811,1.0
2025,11,isack-hadjar,liam-lawson,0.7037584149866655,0.0
2025,11,fernando-alonso,lance-stroll,0.8344726405788114,1.0
2025,11,gabriel-bortoleto,nico-hulkenberg,0.367519416268232,1.0
2025,11,esteban-ocon,oliver-bearman,0.6475230837252188,1.0
2025,11,franco-colapinto,pierre-gasly,0.40975558307147786,0.0
2025,12,lando-norris,oscar-piastri,0.5692163070490308,1.0
2025,12,charles-leclerc,lewis-hamilton,0.6805567554669345,0.0
2025,12,max-verstappen,yuki-tsunoda,0.8929537835499447,1.0
2025,12,fernando-alonso,lance-stroll,0.8406939332637925,0.0
2025,12,alexander-albon,carlos-sainz-jr,0.744180899891876,1.0
2025,12,esteban-ocon,oliver-bearman,0.6694198455208495,0.0
2025,13,lando-norris,oscar-piastri,0.5981311749356599,0.0
2025,13,charles-leclerc,lewis-hamilton,0.6383677740788384,1.0
2025,13,max-verstappen,yuki-tsunoda,0.8957483771892899,1.0
2025,13,george-russell,kimi-antonelli,0.8157430017527717,1.0
2025,13,alexander-albon,carlos-sainz-jr,0.7574039516798317,1.0
2025,13,isack-hadjar,liam-lawson,0.6616832126545221,0.0
2025,13,gabriel-bortoleto,nico-hulkenberg,0.40899717990980966,1.0
2025,13,franco-colapinto,pierre-gasly,0.38267831600040325,0.0
2025,13,esteban-ocon,oliver-bearman,0.627286826226696,0.0
2025,13,fernando-alonso,lance-stroll,0.8070739031005196,0.0
2025,14,lando-norris,oscar-piastri,0.5578435098370034,1.0
2025,14,george-russell,kimi-antonelli,0.8232727445140855,1.0
2025,14,charles-leclerc,lewis-hamilton,0.6611021198686129,1.0
2025,14,fernando-alonso,lance-stroll,0.7699635290415802,1.0
2025,14,gabriel-bortoleto,nico-hulkenberg,0.44897513831851055,1.0
2025,14,isack-hadjar,liam-lawson,0.6196291333136754,0.0
2025,14,max-verstappen,yuki-tsunoda,0.8984078529725408,1.0
2025,14,alexander-albon,carlos-sainz-jr,0.7695072188465883,0.0
2025,14,franco-colapinto,pierre-gasly,0.3580280095172901,1.0
2025,15,lando-norris,oscar-piastri,0.5877294606509842,0.0
2025,15,max-verstappen,yuki-tsunoda,0.9009414205704568,1.0
2025,15,isack-hadjar,liam-lawson,0.5785355412348904,1.0
2025,15,george-russell,kimi-antonelli,0.8302656975151104,1.0
2025,15,alexander-albon,carlos-sainz-jr,0.7296619414745876,1.0
2025,15,esteban-ocon,oliver-bearman,0.5859551588499915,0.0
2025,15,fernando-alonso,lance-stroll,0.7810279274971843,0.0
2025,15,franco-colapinto,pierre-gasly,0.39973964563982056,1.0
2025,15,gabriel-bortoleto,nico-hulkenberg,0.4868633693503415,0.0
2025,16,max-verstappen,yuki-tsunoda,0.9033574978496401,1.0
2025,16,lando-norris,oscar-piastri,0.5479004737888792,1.0
2025,16,charles-leclerc,lewis-hamilton,0.6817553499459149,1.0
2025,16,george-russell,kimi-antonelli,0.8367729785798833,1.0
2025,16,alexander-albon,carlos-sainz-jr,0.7441412347776141,1.0
2025,16,isack-hadjar,liam-lawson,0.6066421836556333,1.0
2025,16,esteban-ocon,oliver-bearman,0.546208664283613,0.0
2025,16,franco-colapinto,pierre-gasly,0.44011583253863434,0.0
2025,17,max-verstappen,yuki-tsunoda,0.9056637916110992,1.0
2025,17,george-russell,kimi-antonelli,0.8428399133657332,1.0
2025,17,alexander-albon,carlos-sainz-jr,0.7573676823627269,0.0
2025,17,isack-hadjar,liam-lawson,0.6322562120403932,0.0
2025,17,charles-leclerc,lewis-hamilton,0.700521974073309,0.0
2025,17,gabriel-bortoleto,nico-hulkenberg,0.45336495648207653,1.0
2025,17,esteban-ocon,oliver-bearman,0.5086092892633093,0.0
2025,17,fernando-alonso,lance-stroll,0.7418987287204514,1.0
2025,17,franco-colapinto,pierre-gasly,0.41040280153264364,0.0
2025,18,george-russell,kimi-antonelli,0.8485067576211307,1.0
2025,18,max-verstappen,yuki-tsunoda,0.9078673689498495,1.0
2025,18,lando-norris,oscar-piastri,0.5786200253001491,1.0
2025,18,charles-leclerc,lewis-hamilton,0.6584114987876347,1.0
2025,18,fernando-alonso,lance-stroll,0.7553174991256797,1.0
2025,18,esteban-ocon,oliver-bearman,0.4735015057077534,0.0
2025,18,alexander-albon,carlos-sainz-jr,0.7168791055992942,0.0
2025,18,isack-hadjar,liam-lawson,0.5907844984204161,1.0
2025,18,franco-colapinto,pierre-gasly,0.38326826769398864,1.0
2025,18,gabriel-bortoleto,nico-hulkenberg,0.49099020177379826,1.0
2025,19,max-verstappen,yuki-tsunoda,0.909974720440342,1.0
2025,19,lando-norris,oscar-piastri,0.6067192934837525,1.0
2025,19,charles-leclerc,lewis-hamilton,0.6793111006452511,1.0
2025,19,george-russell,kimi-antonelli,0.8538093282704786,1.0
2025,19,gabriel-bortoleto,nico-hulkenberg,0.5261265600287409,0.0
2025,19,esteban-ocon,oliver-bearman,0.4410438605118337,0.0
2025,19,fernando-alonso,lance-stroll,0.7675957665052063,1.0
2025,19,isack-hadjar,liam-lawson,0.6178139474598602,0.0
2025,19,franco-colapinto,pierre-gasly,0.4242648892785382,1.0
2025,20,lando-norris,oscar-piastri,0.6323263904444064,1.0
2025,20,charles-leclerc,lewis-hamilton,0.6983003494864204,1.0
2025,20,max-verstappen,yuki-tsunoda,0.9119918161855772,1.0
2025,20,esteban-ocon,oliver-bearman,0.4112521163648632,0.0
2025,20,george-russell,kimi-antonelli,0.8587795531515853,0.0
2025,20,alexander-albon,carlos-sainz-jr,0.6750141921381699,1.0
2025,20,franco-colapinto,pierre-gasly,0.46351292786502357,0.0
2025,21,lando-norris,oscar-piastri,0.6556124150478674,1.0
2025,21,george-russell,kimi-antonelli,0.8274841126639916,0.0
2025,21,max-verstappen,yuki-tsunoda,0.9139241556251956,1.0
2025,21,esteban-ocon,oliver-bearman,0.38404249587938366,0.0
2025,21,isack-hadjar,liam-lawson,0.5767806694551145,0.0
2025,21,franco-colapinto,pierre-gasly,0.43185628577738944,0.0
2025,21,alexander-albon,carlos-sainz-jr,0.6943953301003225,1.0
2025,21,fernando-alonso,lance-stroll,0.7788540308018596,1.0
2025,22,max-verstappen,yuki-tsunoda,0.9157768118759537,1.0
2025,22,george-russell,kimi-antonelli,0.7923679369670303,1.0
2025,22,charles-leclerc,lewis-hamilton,0.7155675100948452,1.0
2025,22,isack-hadjar,liam-lawson,0.5374798448949002,1.0
2025,22,esteban-ocon,oliver-bearman,0.359268695195046,1.0
2025,22,franco-colapinto,pierre-gasly,0.4028490879695249,0.0
2025,23,max-verstappen,yuki-tsunoda,0.9175544712737606,1.0
2025,23,lando-norris,oscar-piastri,0.6767683657911822,0.0
2025,23,alexander-albon,carlos-sainz-jr,0.7120150425864142,0.0
2025,23,george-russell,kimi-antonelli,0.8016484365952196,0.0
2025,23,fernando-alonso,lance-stroll,0.7891992684082683,1.0
2025,23,charles-leclerc,lewis-hamilton,0.7312888703499129,1.0
2025,23,isack-hadjar,liam-lawson,0.5690558705789764,0.0
2025,23,franco-colapinto,pierre-gasly,0.37638534582944827,1.0
2025,24,max-verstappen,yuki-tsunoda,0.9192614686971609,1.0
2025,24,lando-norris,oscar-piastri,0.6345906367764831,0.0
2025,24,charles-leclerc,lewis-hamilton,0.7456261399744429,1.0
2025,24,george-russell,kimi-antonelli,0.7640702196518285,1.0
2025,24,fernando-alonso,lance-stroll,0.7987261865084001,1.0
2025,24,esteban-ocon,oliver-bearman,0.40095223695756343,1.0
2025,24,gabriel-bortoleto,nico-hulkenberg,0.48980825425235086,0.0
2025,24,alexander-albon,carlos-sainz-jr,0.6700594082173533,0.0
2025,24,isack-hadjar,liam-lawson,0.5301544164401764,1.0
2025,24,franco-colapinto,pierre-gasly,0.4176061764303757,0.0
2026,1,george-russell,kimi-antonelli,0.7756188890801765,1.0
2026,1,charles-leclerc,lewis-hamilton,0.7587256060954018,1.0
2026,1,esteban-ocon,oliver-bearman,0.44127823715027736,0.0
2026,1,arvid-lindblad,liam-lawson,0.5434716822311291,1.0
2026,1,franco-colapinto,pierre-gasly,0.38983712269633997,0.0
2026,1,alexander-albon,carlos-sainz-jr,0.6279213136448296,1.0
2026,2,george-russell,kimi-antonelli,0.7862241805023529,0.0
2026,2,charles-leclerc,lewis-hamilton,0.7707183639947575,0.0
2026,2,esteban-ocon,oliver-bearman,0.4114666333414114,0.0
2026,2,franco-colapinto,pierre-gasly,0.3645399925584572,0.0
2026,2,arvid-lindblad,liam-lawson,0.5745574834872036,0.0
2026,2,sergio-perez,valtteri-bottas,0.3886966676810324,0.0
2026,3,george-russell,kimi-antonelli,0.7474526694374627,0.0
2026,3,lando-norris,oscar-piastri,0.5930571433956662,0.0
2026,3,charles-leclerc,lewis-hamilton,0.7309434599129498,1.0
2026,3,franco-colapinto,pierre-gasly,0.3415399903371684,0.0
2026,3,isack-hadjar,max-verstappen,0.10133965417858475,0.0
2026,3,arvid-lindblad,liam-lawson,0.5353693785528101,0.0
2026,3,gabriel-bortoleto,nico-hulkenberg,0.45608552997749857,0.0
2026,3,alexander-albon,carlos-sainz-jr,0.6516088572949107,0.0
2026,3,sergio-perez,valtteri-bottas,0.36350236905098826,1.0
2026,4,george-russell,kimi-antonelli,0.7065203078091541,0.0
2026,4,lando-norris,oscar-piastri,0.5529878460895913,1.0
2026,4,charles-leclerc,lewis-hamilton,0.7453108573070829,0.0
2026,4,alexander-albon,carlos-sainz-jr,0.6097050230259803,0.0
2026,4,esteban-ocon,oliver-bearman,0.38423805894249713,0.0
2026,4,fernando-alonso,lance-stroll,0.8075185069418145,1.0
2026,4,sergio-perez,valtteri-bottas,0.4050844046729081,1.0
2026,5,charles-leclerc,lewis-hamilton,0.704292015394335,0.0
2026,5,isack-hadjar,max-verstappen,0.09881790356876713,0.0
2026,5,franco-colapinto,pierre-gasly,0.3206448309391165,1.0
2026,5,esteban-ocon,oliver-bearman,0.3594465633180136,0.0
2026,5,gabriel-bortoleto,nico-hulkenberg,0.4250361997130923,0.0
2026,6,george-russell,kimi-antonelli,0.6644803372660762,0.0
2026,6,franco-colapinto,pierre-gasly,0.36283112322717065,0.0
2026,6,arvid-lindblad,liam-lawson,0.4984465505961761,0.0
2026,6,alexander-albon,carlos-sainz-jr,0.568958897289568,1.0
2026,6,gabriel-bortoleto,nico-hulkenberg,0.39661855297731674,1.0
2026,7,charles-leclerc,lewis-hamilton,0.6622232499861173,0.0
2026,7,george-russell,kimi-antonelli,0.6223940033976245,1.0
2026,7,lando-norris,oscar-piastri,0.5832827829683016,1.0
2026,7,isack-hadjar,max-verstappen,0.09641286157453381,0.0
2026,7,franco-colapinto,pierre-gasly,0.33998721846561025,0.0
2026,7,arvid-lindblad,liam-lawson,0.4640770791007586,0.0
2026,7,esteban-ocon,oliver-bearman,0.3369120366092566,1.0
2026,8,george-russell,kimi-antonelli,0.6465842579966262,1.0
2026,8,isack-hadjar,max-verstappen,0.09411688678411785,0.0
2026,8,lando-norris,oscar-piastri,0.6109738236779337,0.0
2026,8,charles-leclerc,lewis-hamilton,0.6201626186162198,0.0
2026,8,arvid-lindblad,liam-lawson,0.43237470479678186,0.0
2026,8,gabriel-bortoleto,nico-hulkenberg,0.4371211258704205,1.0
2026,8,franco-colapinto,pierre-gasly,0.3192342481419541,0.0
2026,8,esteban-ocon,oliver-bearman,0.37898283616503226,0.0
