year,round,driver_a,driver_b,predicted_prob_a,actual_a_won
2014,1,lewis-hamilton,nico-rosberg,0.5,1.0
2014,1,daniel-ricciardo,sebastian-vettel,0.5,1.0
2014,1,jenson-button,kevin-magnussen,0.5,0.0
2014,1,fernando-alonso,kimi-raikkonen,0.5,1.0
2014,1,daniil-kvyat,jean-eric-vergne,0.5,0.0
2014,1,nico-hulkenberg,sergio-perez,0.5,1.0
2014,1,felipe-massa,valtteri-bottas,0.5,1.0
2014,1,adrian-sutil,esteban-gutierrez,0.5,1.0
2014,1,kamui-kobayashi,marcus-ericsson,0.5,1.0
2014,1,jules-bianchi,max-chilton,0.5,0.0
2014,2,lewis-hamilton,nico-rosberg,0.5344839447268315,1.0
2014,2,daniel-ricciardo,sebastian-vettel,0.5344839447268315,0.0
2014,2,fernando-alonso,kimi-raikkonen,0.5344839447268315,1.0
2014,2,nico-hulkenberg,sergio-perez,0.5344839447268315,1.0
2014,2,jenson-button,kevin-magnussen,0.46551605527316847,0.0
2014,2,daniil-kvyat,jean-eric-vergne,0.46551605527316847,0.0
2014,2,adrian-sutil,esteban-gutierrez,0.5344839447268315,0.0
2014,2,felipe-massa,valtteri-bottas,0.5344839447268315,1.0
2014,2,pastor-maldonado,romain-grosjean,0.5,0.0
2014,2,jules-bianchi,max-chilton,0.46551605527316847,1.0
2014,2,kamui-kobayashi,marcus-ericsson,0.5344839447268315,1.0
2014,3,lewis-hamilton,nico-rosberg,0.5663027072530126,0.0
2014,3,daniel-ricciardo,sebastian-vettel,0.49761795150945937,1.0
2014,3,felipe-massa,valtteri-bottas,0.5663027072530126,0.0
2014,3,nico-hulkenberg,sergio-perez,0.5663027072530126,0.0
2014,3,fernando-alonso,kimi-raikkonen,0.5663027072530126,0.0
2014,3,jenson-button,kevin-magnussen,0.43369729274698743,1.0
2014,3,daniil-kvyat,jean-eric-vergne,0.43369729274698743,1.0
2014,3,adrian-sutil,esteban-gutierrez,0.49761795150945937,0.0
2014,3,pastor-maldonado,romain-grosjean,0.46551605527316847,0.0
2014,3,kamui-kobayashi,marcus-ericsson,0.5663027072530126,1.0
2014,3,jules-bianchi,max-chilton,0.5023820484905406,1.0
2014,4,lewis-hamilton,nico-rosberg,0.527548753328657,1.0
2014,4,daniel-ricciardo,sebastian-vettel,0.5322763112991972,1.0
2014,4,fernando-alonso,kimi-raikkonen,0.527548753328657,1.0
2014,4,felipe-massa,valtteri-bottas,0.527548753328657,1.0
2014,4,nico-hulkenberg,sergio-perez,0.527548753328657,1.0
2014,4,daniil-kvyat,jean-eric-vergne,0.4724512466713429,0.0
2014,4,jenson-button,kevin-magnussen,0.4724512466713429,1.0
2014,4,adrian-sutil,esteban-gutierrez,0.4633097719452708,1.0
2014,4,kamui-kobayashi,marcus-ericsson,0.5954680308417515,1.0
2014,4,jules-bianchi,max-chilton,0.5366902280547292,1.0
2014,5,lewis-hamilton,nico-rosberg,0.5599230654329038,1.0
2014,5,daniel-ricciardo,sebastian-vettel,0.5642728963782514,1.0
2014,5,felipe-massa,valtteri-bottas,0.5599230654329038,0.0
2014,5,fernando-alonso,kimi-raikkonen,0.5599230654329038,0.0
2014,5,jenson-button,kevin-magnussen,0.5088641669088813,1.0
2014,5,nico-hulkenberg,sergio-perez,0.5599230654329038,1.0
2014,5,daniil-kvyat,jean-eric-vergne,0.4400769345670962,1.0
2014,5,adrian-sutil,esteban-gutierrez,0.5003169506909513,0.0
2014,5,jules-bianchi,max-chilton,0.5683303875590308,0.0
2014,5,kamui-kobayashi,marcus-ericsson,0.6220816646330228,0.0
2014,6,lewis-hamilton,nico-rosberg,0.5896327945091068,0.0
2014,6,daniel-ricciardo,sebastian-vettel,0.5936120395719171,1.0
2014,6,fernando-alonso,kimi-raikkonen,0.5215210370494126,1.0
2014,6,daniil-kvyat,jean-eric-vergne,0.4784789629505875,0.0
2014,6,jenson-button,kevin-magnussen,0.5426873872063473,0.0
2014,6,nico-hulkenberg,sergio-perez,0.5896327945091068,0.0
2014,6,felipe-massa,valtteri-bottas,0.5215210370494126,0.0
2014,6,pastor-maldonado,romain-grosjean,0.43369729274698743,0.0
2014,6,adrian-sutil,esteban-gutierrez,0.46580972028913614,0.0
2014,6,jules-bianchi,max-chilton,0.5294675414614566,1.0
2014,6,kamui-kobayashi,marcus-ericsson,0.5809089258409305,1.0
2014,7,lewis-hamilton,nico-rosberg,0.5497166758905051,0.0
2014,7,daniel-ricciardo,sebastian-vettel,0.6203906932307801,0.0
2014,7,felipe-massa,valtteri-bottas,0.4855130009288707,0.0
2014,7,fernando-alonso,kimi-raikkonen,0.5543706592388415,1.0
2014,7,daniil-kvyat,jean-eric-vergne,0.44562934076115845,0.0
2014,7,jenson-button,kevin-magnussen,0.505303841586157,1.0
2014,7,nico-hulkenberg,sergio-perez,0.5497166758905051,1.0
2014,7,pastor-maldonado,romain-grosjean,0.40453196915824857,0.0
2014,7,jules-bianchi,max-chilton,0.561689056610779,0.0
2014,7,kamui-kobayashi,marcus-ericsson,0.6088080994412189,1.0
2014,8,felipe-massa,valtteri-bottas,0.4521180762156179,1.0
2014,8,lewis-hamilton,nico-rosberg,0.5119061704048081,0.0
2014,8,fernando-alonso,kimi-raikkonen,0.5845494846615288,1.0
2014,8,daniel-ricciardo,sebastian-vettel,0.5792722349776042,1.0
2014,8,jenson-button,kevin-magnussen,0.5393946183235758,0.0
2014,8,daniil-kvyat,jean-eric-vergne,0.4154505153384712,1.0
2014,8,nico-hulkenberg,sergio-perez,0.5802851083077027,1.0
2014,8,pastor-maldonado,romain-grosjean,0.37791833536697717,1.0
2014,8,adrian-sutil,esteban-gutierrez,0.4339672516617369,1.0
2014,8,jules-bianchi,max-chilton,0.5231882093209866,1.0
2014,8,kamui-kobayashi,marcus-ericsson,0.634227273991825,1.0
2014,9,lewis-hamilton,nico-rosberg,0.4765643807000529,0.0
2014,9,daniel-ricciardo,sebastian-vettel,0.607314547364097,0.0
2014,9,jenson-button,kevin-magnussen,0.5022163657934614,1.0
2014,9,nico-hulkenberg,sergio-perez,0.6082388739089949,1.0
2014,9,daniil-kvyat,jean-eric-vergne,0.45513079477323254,1.0
2014,9,jules-bianchi,max-chilton,0.5559070919409591,1.0
2014,9,adrian-sutil,esteban-gutierrez,0.47270659912843777,0.0
2014,9,felipe-massa,valtteri-bottas,0.48981864508638073,0.0
2014,9,fernando-alonso,kimi-raikkonen,0.6121292168727906,1.0
2014,10,lewis-hamilton,nico-rosberg,0.4438649476369529,0.0
2014,10,felipe-massa,valtteri-bottas,0.4560951327185846,0.0
2014,10,jenson-button,kevin-magnussen,0.5365368138814834,0.0
2014,10,daniel-ricciardo,sebastian-vettel,0.5666585001922799,1.0
2014,10,fernando-alonso,kimi-raikkonen,0.6372489954657093,1.0
2014,10,daniil-kvyat,jean-eric-vergne,0.49264852690287547,1.0
2014,10,nico-hulkenberg,sergio-perez,0.6337092897101374,1.0
2014,10,adrian-sutil,esteban-gutierrez,0.44031200629362055,0.0
2014,10,pastor-maldonado,romain-grosjean,0.4190910741590696,0.0
2014,10,jules-bianchi,max-chilton,0.5859565673888726,1.0
2014,11,daniel-ricciardo,sebastian-vettel,0.5957932992298214,0.0
2014,11,felipe-massa,valtteri-bottas,0.42504501115814547,0.0
2014,11,fernando-alonso,kimi-raikkonen,0.66008557985227,1.0
2014,11,jenson-button,kevin-magnussen,0.49953940562568605,1.0
2014,11,daniil-kvyat,jean-eric-vergne,0.5276663079817852,0.0
2014,11,nico-hulkenberg,sergio-perez,0.6568691266012135,1.0
2014,11,adrian-sutil,esteban-gutierrez,0.41058232599425154,1.0
2014,11,jules-bianchi,max-chilton,0.6134124581279508,1.0
2014,11,kamui-kobayashi,marcus-ericsson,0.6573398301277785,1.0
2014,12,lewis-hamilton,nico-rosberg,0.41383469394931904,0.0
2014,12,daniel-ricciardo,sebastian-vettel,0.5556049592573726,0.0
2014,12,fernando-alonso,kimi-raikkonen,0.6808318844028213,1.0
2014,12,felipe-massa,valtteri-bottas,0.3966265990366403,0.0
2014,12,jenson-button,kevin-magnussen,0.5340571813300385,0.0
2014,12,daniil-kvyat,jean-eric-vergne,0.4912455927602521,1.0
2014,12,nico-hulkenberg,sergio-perez,0.6779099800405997,0.0
2014,12,adrian-sutil,esteban-gutierrez,0.4504886676410446,1.0
2014,12,pastor-maldonado,romain-grosjean,0.3911919005587811,0.0
2014,12,jules-bianchi,max-chilton,0.638416363950405,1.0
2014,12,andre-lotterer,marcus-ericsson,0.5922008840310139,1.0
2014,13,lewis-hamilton,nico-rosberg,0.38639719235317466,1.0
2014,13,felipe-massa,valtteri-bottas,0.3707191383207253,0.0
2014,13,jenson-button,kevin-magnussen,0.4972186641748594,0.0
2014,13,fernando-alonso,kimi-raikkonen,0.699682591369603,1.0
2014,13,daniel-ricciardo,sebastian-vettel,0.5174489900207899,0.0
2014,13,nico-hulkenberg,sergio-perez,0.6357280063570065,0.0
2014,13,daniil-kvyat,jean-eric-vergne,0.5263637345741908,1.0
2014,13,adrian-sutil,esteban-gutierrez,0.4882869226765277,1.0
2014,13,pastor-maldonado,romain-grosjean,0.36577272600817495,1.0
2014,13,kamui-kobayashi,marcus-ericsson,0.690505147271306,1.0
2014,13,jules-bianchi,max-chilton,0.6611462687059527,1.0
2014,14,lewis-hamilton,nico-rosberg,0.42728492772282867,1.0
2014,14,daniel-ricciardo,sebastian-vettel,0.48172011973707995,1.0
2014,14,fernando-alonso,kimi-raikkonen,0.7168251941765919,1.0
2014,14,felipe-massa,valtteri-bottas,0.347155440577296,1.0
2014,14,jenson-button,kevin-magnussen,0.46294007754913546,0.0
2014,14,daniil-kvyat,jean-eric-vergne,0.5588320567633753,1.0
2014,14,nico-hulkenberg,sergio-perez,0.5941653520154428,1.0
2014,14,adrian-sutil,esteban-gutierrez,0.5236150835910798,0.0
2014,14,pastor-maldonado,romain-grosjean,0.4072967731064938,0.0
2014,14,jules-bianchi,max-chilton,0.6817954567349612,1.0
2014,14,kamui-kobayashi,marcus-ericsson,0.7084769718150982,1.0
2014,15,lewis-hamilton,nico-rosberg,0.466378252188311,0.0
2014,15,felipe-massa,valtteri-bottas,0.38908053071238263,0.0
2014,15,fernando-alonso,kimi-raikkonen,0.7324349278633588,1.0
2014,15,daniel-ricciardo,sebastian-vettel,0.5175063157548102,1.0
2014,15,jenson-button,kevin-magnussen,0.43132993129997427,0.0
2014,15,daniil-kvyat,jean-eric-vergne,0.588634315920462,0.0
2014,15,nico-hulkenberg,sergio-perez,0.6208948419833166,0.0
2014,15,adrian-sutil,esteban-gutierrez,0.48746524479164033,1.0
2014,15,pastor-maldonado,romain-grosjean,0.38043742904341604,1.0
2014,15,kamui-kobayashi,marcus-ericsson,0.7248302568228459,0.0
2014,15,jules-bianchi,max-chilton,0.700558429858784,1.0
2014,16,lewis-hamilton,nico-rosberg,0.43448993374559025,1.0
2014,16,felipe-massa,valtteri-bottas,0.36385161080556383,0.0
2014,16,jenson-button,kevin-magnussen,0.4023680240526787,1.0
2014,16,daniil-kvyat,jean-eric-vergne,0.548763729927763,1.0
2014,16,daniel-ricciardo,sebastian-vettel,0.5506684401521946,1.0
2014,16,fernando-alonso,kimi-raikkonen,0.7466723326279429,1.0
2014,16,nico-hulkenberg,sergio-perez,0.5797600656799498,1.0
2014,16,adrian-sutil,esteban-gutierrez,0.5228513343732258,0.0
2014,16,pastor-maldonado,romain-grosjean,0.42152883540323477,0.0
2014,16,kamui-kobayashi,marcus-ericsson,0.6831468318159851,0.0
2014,17,lewis-hamilton,nico-rosberg,0.47320092846321576,0.0
2014,17,felipe-massa,valtteri-bottas,0.340914479649445,0.0
2014,17,daniel-ricciardo,sebastian-vettel,0.5811574703401342,1.0
2014,17,fernando-alonso,kimi-raikkonen,0.759682512765301,1.0
2014,17,jenson-button,kevin-magnussen,0.4426346667514717,1.0
2014,17,adrian-sutil,esteban-gutierrez,0.48675307456154243,1.0
2014,17,pastor-maldonado,romain-grosjean,0.3934165743798981,1.0
2014,17,nico-hulkenberg,sergio-perez,0.6077597456098289,0.0
2014,17,daniil-kvyat,jean-eric-vergne,0.5794115191314337,1.0
2014,18,lewis-hamilton,nico-rosberg,0.4407671107301689,0.0
2014,18,felipe-massa,valtteri-bottas,0.3200766010390871,1.0
2014,18,jenson-button,kevin-magnussen,0.480891701586976,1.0
2014,18,daniel-ricciardo,sebastian-vettel,0.6090348811198362,0.0
2014,18,fernando-alonso,kimi-raikkonen,0.7715954283710363,1.0
2014,18,adrian-sutil,esteban-gutierrez,0.5221892313133979,0.0
2014,18,nico-hulkenberg,sergio-perez,0.5670867378060677,1.0
2014,18,daniil-kvyat,jean-eric-vergne,0.6074416619455808,1.0
2014,18,pastor-maldonado,romain-grosjean,0.4340445857134044,0.0
2014,19,lewis-hamilton,nico-rosberg,0.41099882689561623,0.0
2014,19,felipe-massa,valtteri-bottas,0.3622642672781715,0.0
2014,19,daniil-kvyat,jean-eric-vergne,0.6329838045001802,1.0
2014,19,jenson-button,kevin-magnussen,0.5167348685710897,1.0
2014,19,fernando-alonso,kimi-raikkonen,0.7825267713433111,0.0
2014,19,nico-hulkenberg,sergio-perez,0.5961847748226168,0.0
2014,19,adrian-sutil,esteban-gutierrez,0.4861358160604191,1.0
2014,19,pastor-maldonado,romain-grosjean,0.4048494830441255,0.0
2014,19,kamui-kobayashi,will-stevens,0.565026047921516,1.0
2015,1,lewis-hamilton,nico-rosberg,0.38381159195347025,1.0
2015,1,felipe-massa,valtteri-bottas,0.33947215914304596,1.0
2015,1,kimi-raikkonen,sebastian-vettel,0.40260350957793095,0.0
2015,1,daniel-ricciardo,daniil-kvyat,0.45369871542640805,1.0
2015,1,carlos-sainz-jr,max-verstappen,0.5,1.0
2015,1,pastor-maldonado,romain-grosjean,0.3782075966156476,0.0
2015,1,felipe-nasr,marcus-ericsson,0.5788185277296902,1.0
2015,1,nico-hulkenberg,sergio-perez,0.5559796487173255,1.0
2015,1,jenson-button,kevin-magnussen,0.5499566578826612,1.0
2015,2,lewis-hamilton,nico-rosberg,0.42478961484957634,1.0
2015,2,kimi-raikkonen,sebastian-vettel,0.37616166121757527,0.0
2015,2,daniel-ricciardo,daniil-kvyat,0.49130371499617737,1.0
2015,2,carlos-sainz-jr,max-verstappen,0.5344839447268315,0.0
2015,2,felipe-massa,valtteri-bottas,0.38151170173277066,1.0
2015,2,pastor-maldonado,romain-grosjean,0.35396270975720706,0.0
2015,2,felipe-nasr,marcus-ericsson,0.6069004663208064,0.0
2015,2,nico-hulkenberg,sergio-perez,0.586023006973575,1.0
2015,2,fernando-alonso,jenson-button,0.5913846846720652,0.0
2015,3,lewis-hamilton,nico-rosberg,0.4640110109413947,1.0
2015,3,kimi-raikkonen,sebastian-vettel,0.3521026389495124,0.0
2015,3,felipe-massa,valtteri-bottas,0.42256755819103226,1.0
2015,3,daniel-ricciardo,daniil-kvyat,0.526417708787676,1.0
2015,3,pastor-maldonado,romain-grosjean,0.33192993015759065,0.0
2015,3,felipe-nasr,marcus-ericsson,0.566260269826128,1.0
2015,3,carlos-sainz-jr,max-verstappen,0.49761795150945937,0.0
2015,3,nico-hulkenberg,sergio-perez,0.6134730451039697,0.0
2015,3,fernando-alonso,jenson-button,0.5513896214823377,0.0
2015,3,roberto-merhi,will-stevens,0.5150189485462414,0.0
2015,4,lewis-hamilton,nico-rosberg,0.5009734725472301,1.0
2015,4,kimi-raikkonen,sebastian-vettel,0.33024014432978827,0.0
2015,4,felipe-massa,valtteri-bottas,0.46190108426055093,0.0
2015,4,daniel-ricciardo,daniil-kvyat,0.5588817550336049,1.0
2015,4,nico-hulkenberg,sergio-perez,0.5725899180840691,1.0
2015,4,carlos-sainz-jr,max-verstappen,0.4633097719452708,1.0
2015,4,pastor-maldonado,romain-grosjean,0.31191432668558405,0.0
2015,4,felipe-nasr,marcus-ericsson,0.595429233127794,1.0
2015,4,roberto-merhi,will-stevens,0.47945878743019216,0.0
2015,5,lewis-hamilton,nico-rosberg,0.5353857491486234,0.0
2015,5,kimi-raikkonen,sebastian-vettel,0.31037904110993847,0.0
2015,5,felipe-massa,valtteri-bottas,0.43037541801206863,0.0
2015,5,carlos-sainz-jr,max-verstappen,0.5003169506909513,1.0
2015,5,daniel-ricciardo,daniil-kvyat,0.5886798029300968,0.0
2015,5,pastor-maldonado,romain-grosjean,0.2937230939345523,0.0
2015,5,fernando-alonso,jenson-button,0.5134798168617755,1.0
2015,5,felipe-nasr,marcus-ericsson,0.6220463196490629,1.0
2015,5,nico-hulkenberg,sergio-perez,0.6012134273363662,1.0
2015,5,roberto-merhi,will-stevens,0.4465325905037107,0.0
2015,6,lewis-hamilton,nico-rosberg,0.4984618725731246,1.0
2015,6,kimi-raikkonen,sebastian-vettel,0.29232706984522266,0.0
2015,6,daniel-ricciardo,daniil-kvyat,0.5488071341710897,1.0
2015,6,nico-hulkenberg,sergio-perez,0.6273143401928918,0.0
2015,6,carlos-sainz-jr,max-verstappen,0.5347775858401145,1.0
2015,6,pastor-maldonado,romain-grosjean,0.2771728898081923,1.0
2015,6,fernando-alonso,jenson-button,0.5469519662628871,0.0
2015,6,felipe-massa,valtteri-bottas,0.401495733801652,1.0
2015,6,felipe-nasr,marcus-ericsson,0.646268150093945,1.0
2015,6,roberto-merhi,will-stevens,0.41627788833991486,0.0
2015,7,lewis-hamilton,nico-rosberg,0.5330585957530852,1.0
2015,7,kimi-raikkonen,sebastian-vettel,0.2759018624471578,1.0
2015,7,felipe-massa,valtteri-bottas,0.44179904433786704,0.0
2015,7,pastor-maldonado,romain-grosjean,0.31890596722036274,0.0
2015,7,nico-hulkenberg,sergio-perez,0.5859818657753321,1.0
2015,7,daniel-ricciardo,daniil-kvyat,0.5794513120284827,0.0
2015,7,carlos-sainz-jr,max-verstappen,0.5665726284474921,1.0
2015,7,felipe-nasr,marcus-ericsson,0.6682797971743053,0.0
2015,7,roberto-merhi,will-stevens,0.38862543335875516,1.0
2015,8,lewis-hamilton,nico-rosberg,0.5649922715222546,1.0
2015,8,kimi-raikkonen,sebastian-vettel,0.3176037441196872,0.0
2015,8,felipe-massa,valtteri-bottas,0.41194333895331425,1.0
2015,8,nico-hulkenberg,sergio-perez,0.613435528053717,1.0
2015,8,carlos-sainz-jr,max-verstappen,0.5957147962186394,0.0
2015,8,daniel-ricciardo,daniil-kvyat,0.5400174920236355,0.0
2015,8,felipe-nasr,marcus-ericsson,0.6261563786933041,1.0
2015,8,pastor-maldonado,romain-grosjean,0.3000791326843456,0.0
2015,8,fernando-alonso,jenson-button,0.5093075290997588,1.0
2015,8,roberto-merhi,will-stevens,0.4294330192083144,1.0
2015,9,lewis-hamilton,nico-rosberg,0.5942698756574466,1.0
2015,9,felipe-massa,valtteri-bottas,0.4517874050537234,1.0
2015,9,kimi-raikkonen,sebastian-vettel,0.2988954550972436,1.0
2015,9,daniel-ricciardo,daniil-kvyat,0.5028001511747506,0.0
2015,9,carlos-sainz-jr,max-verstappen,0.5555298298267367,1.0
2015,9,nico-hulkenberg,sergio-perez,0.6384373497999634,1.0
2015,9,pastor-maldonado,romain-grosjean,0.2829579887525922,0.0
2015,9,felipe-nasr,marcus-ericsson,0.6500045869624033,0.0
2015,9,fernando-alonso,jenson-button,0.543097231077491,1.0
2015,9,roberto-merhi,will-stevens,0.46841428950089575,0.0
2015,10,lewis-hamilton,nico-rosberg,0.6209900752312985,1.0
2015,10,kimi-raikkonen,sebastian-vettel,0.34100005687361706,0.0
2015,10,daniel-ricciardo,daniil-kvyat,0.4681113185810095,1.0
2015,10,felipe-massa,valtteri-bottas,0.489507866829425,0.0
2015,10,carlos-sainz-jr,max-verstappen,0.5856110992178244,0.0
2015,10,pastor-maldonado,romain-grosjean,0.26736748408960725,0.0
2015,10,nico-hulkenberg,sergio-perez,0.6611653364660552,1.0
2015,10,fernando-alonso,jenson-button,0.5742138488862457,1.0
2015,10,felipe-nasr,marcus-ericsson,0.608129509918747,0.0
2015,10,roberto-merhi,will-stevens,0.4363622627058622,1.0
2015,11,lewis-hamilton,nico-rosberg,0.6453077953364392,1.0
2015,11,felipe-massa,valtteri-bottas,0.45580793576986206,0.0
2015,11,pastor-maldonado,romain-grosjean,0.2531472813943687,0.0
2015,11,nico-hulkenberg,sergio-perez,0.681812778751687,0.0
2015,11,daniel-ricciardo,daniil-kvyat,0.5048093966009793,1.0
2015,11,kimi-raikkonen,sebastian-vettel,0.32015434173043583,0.0
2015,11,carlos-sainz-jr,max-verstappen,0.5458807416359668,1.0
2015,11,felipe-nasr,marcus-ericsson,0.5674424793425838,0.0
2015,11,fernando-alonso,jenson-button,0.6026966050556802,0.0
2015,11,roberto-merhi,will-stevens,0.4749709133654918,0.0
2015,12,lewis-hamilton,nico-rosberg,0.6674073472239632,1.0
2015,12,kimi-raikkonen,sebastian-vettel,0.3012138005677843,1.0
2015,12,felipe-massa,valtteri-bottas,0.4247814868226265,1.0
2015,12,nico-hulkenberg,sergio-perez,0.6396218657183664,0.0
2015,12,pastor-maldonado,romain-grosjean,0.2401524809602284,0.0
2015,12,felipe-nasr,marcus-ericsson,0.5286271383332426,0.0
2015,12,daniel-ricciardo,daniil-kvyat,0.5389371023892191,0.0
2015,12,fernando-alonso,jenson-button,0.5622214182582522,0.0
2015,12,roberto-merhi,will-stevens,0.4423970395292759,0.0
2015,13,kimi-raikkonen,sebastian-vettel,0.3433405450637186,0.0
2015,13,daniel-ricciardo,daniil-kvyat,0.5017876362226134,1.0
2015,13,lewis-hamilton,nico-rosberg,0.6874835608856998,1.0
2015,13,felipe-massa,valtteri-bottas,0.4640032963769269,0.0
2015,13,carlos-sainz-jr,max-verstappen,0.5767677210105904,0.0
2015,13,pastor-maldonado,romain-grosjean,0.22825331868586435,0.0
2015,13,nico-hulkenberg,sergio-perez,0.5979640832582983,1.0
2015,13,fernando-alonso,jenson-button,0.5236909905980652,1.0
2015,13,felipe-nasr,marcus-ericsson,0.49214285820451337,1.0
2015,13,alexander-rossi,will-stevens,0.4633677109059061,0.0
2015,14,lewis-hamilton,nico-rosberg,0.7057294420385667,0.0
2015,14,felipe-massa,valtteri-bottas,0.4323068999209375,0.0
2015,14,kimi-raikkonen,sebastian-vettel,0.32228048894026096,0.0
2015,14,daniel-ricciardo,daniil-kvyat,0.536139801134564,1.0
2015,14,pastor-maldonado,romain-grosjean,0.21733428457226248,0.0
2015,14,nico-hulkenberg,sergio-perez,0.6243553099635502,0.0
2015,14,carlos-sainz-jr,max-verstappen,0.5374675477036639,1.0
2015,14,fernando-alonso,jenson-button,0.5563703353944024,1.0
2015,14,felipe-nasr,marcus-ericsson,0.5271968699019947,0.0
2015,15,lewis-hamilton,nico-rosberg,0.6636788971411391,0.0
2015,15,felipe-massa,valtteri-bottas,0.4032609573188915,0.0
2015,15,kimi-raikkonen,sebastian-vettel,0.30314615638027437,0.0
2015,15,nico-hulkenberg,sergio-perez,0.5831116269450249,1.0
2015,15,pastor-maldonado,romain-grosjean,0.20729295237174825,0.0
2015,15,daniel-ricciardo,daniil-kvyat,0.5678246010888648,1.0
2015,15,felipe-nasr,marcus-ericsson,0.4908073062644469,1.0
2015,15,fernando-alonso,jenson-button,0.5863807417712845,0.0
2015,15,roberto-merhi,will-stevens,0.39706848489094737,0.0
2015,16,lewis-hamilton,nico-rosberg,0.6216013780914937,0.0
2015,16,daniel-ricciardo,daniil-kvyat,0.5968592396836128,1.0
2015,16,kimi-raikkonen,sebastian-vettel,0.2857485138089422,0.0
2015,16,nico-hulkenberg,sergio-perez,0.6108176945117092,0.0
2015,16,felipe-massa,valtteri-bottas,0.3767605078721875,1.0
2015,16,fernando-alonso,jenson-button,0.5466143497288474,1.0
2015,16,pastor-maldonado,romain-grosjean,0.19803870284460187,0.0
2015,16,felipe-nasr,marcus-ericsson,0.5259566999013358,0.0
2015,16,alexander-rossi,will-stevens,0.4183178906361393,1.0
2015,17,lewis-hamilton,nico-rosberg,0.5804439254967435,0.0
2015,17,kimi-raikkonen,sebastian-vettel,0.2699101954212398,0.0
2015,17,daniel-ricciardo,daniil-kvyat,0.6233489782429055,0.0
2015,17,felipe-massa,valtteri-bottas,0.4179696677762772,0.0
2015,17,carlos-sainz-jr,max-verstappen,0.5690445730356154,0.0
2015,17,nico-hulkenberg,sergio-perez,0.5700304751159412,0.0
2015,17,pastor-maldonado,romain-grosjean,0.18949145020059893,0.0
2015,17,felipe-nasr,marcus-ericsson,0.48964973253975097,0.0
2015,17,alexander-rossi,will-stevens,0.4578607618849732,1.0
2015,18,lewis-hamilton,nico-rosberg,0.5409613514672825,0.0
2015,18,kimi-raikkonen,sebastian-vettel,0.255468281572259,0.0
2015,18,felipe-massa,valtteri-bottas,0.3901687394617312,0.0
2015,18,nico-hulkenberg,sergio-perez,0.5310774496244909,1.0
2015,18,daniel-ricciardo,daniil-kvyat,0.5821364057841661,0.0
2015,18,carlos-sainz-jr,max-verstappen,0.5301437186880953,0.0
2015,18,felipe-nasr,marcus-ericsson,0.4559390343094236,1.0
2015,18,pastor-maldonado,romain-grosjean,0.18158043358388737,0.0
2015,18,alexander-rossi,will-stevens,0.4952103631520552,1.0
2015,19,lewis-hamilton,nico-rosberg,0.5036850042451372,0.0
2015,19,kimi-raikkonen,sebastian-vettel,0.24227525480946233,1.0
2015,19,nico-hulkenberg,sergio-perez,0.5631702228054408,0.0
2015,19,daniel-ricciardo,daniil-kvyat,0.54257155609222,1.0
2015,19,felipe-massa,valtteri-bottas,0.36484172444834656,0.0
2015,19,carlos-sainz-jr,max-verstappen,0.4935596439064544,1.0
2015,19,fernando-alonso,jenson-button,0.5774405928928937,0.0
2015,19,pastor-maldonado,romain-grosjean,0.17424310504268192,1.0
2015,19,felipe-nasr,marcus-ericsson,0.4934072306941188,1.0
2015,19,roberto-merhi,will-stevens,0.42496893354465176,0.0
2016,1,lewis-hamilton,nico-rosberg,0.4689318203706575,1.0
2016,1,kimi-raikkonen,sebastian-vettel,0.2827464983991585,0.0
2016,1,carlos-sainz-jr,max-verstappen,0.5285119832387611,0.0
2016,1,felipe-massa,valtteri-bottas,0.341814168728248,1.0
2016,1,daniel-ricciardo,daniil-kvyat,0.5737313958450166,1.0
2016,1,nico-hulkenberg,sergio-perez,0.5245873165052964,0.0
2016,1,fernando-alonso,jenson-button,0.5381066588510542,1.0
2016,1,jolyon-palmer,kevin-magnussen,0.5405168583220593,1.0
2016,1,felipe-nasr,marcus-ericsson,0.5283705316336716,0.0
2016,1,esteban-gutierrez,romain-grosjean,0.33024007898210883,0.0
2016,1,pascal-wehrlein,rio-haryanto,0.5,0.0
2016,2,lewis-hamilton,nico-rosberg,0.505576402485649,1.0
2016,2,kimi-raikkonen,sebastian-vettel,0.26717474613774983,0.0
2016,2,daniel-ricciardo,daniil-kvyat,0.6022560018542908,1.0
2016,2,felipe-massa,valtteri-bottas,0.3838220848322588,0.0
2016,2,nico-hulkenberg,sergio-perez,0.48837205277618867,1.0
2016,2,esteban-gutierrez,romain-grosjean,0.3103789817359051,0.0
2016,2,carlos-sainz-jr,max-verstappen,0.49203530747302654,0.0
2016,2,jenson-button,stoffel-vandoorne,0.5515896301480354,0.0
2016,2,pascal-wehrlein,rio-haryanto,0.46551605527316847,1.0
2016,2,felipe-nasr,marcus-ericsson,0.49190320191731135,0.0
2016,2,jolyon-palmer,kevin-magnussen,0.5718451865491758,0.0
2016,3,daniel-ricciardo,daniil-kvyat,0.6282635848222077,1.0
2016,3,kimi-raikkonen,sebastian-vettel,0.25297131889529345,1.0
2016,3,felipe-massa,valtteri-bottas,0.3590682300150576,0.0
2016,3,nico-hulkenberg,sergio-perez,0.5236942020386354,0.0
2016,3,carlos-sainz-jr,max-verstappen,0.4581442217873081,1.0
2016,3,fernando-alonso,jenson-button,0.5882058929132405,1.0
2016,3,esteban-gutierrez,romain-grosjean,0.2923270158544955,0.0
2016,3,felipe-nasr,marcus-ericsson,0.45802207222600316,0.0
2016,3,jolyon-palmer,kevin-magnussen,0.53279703930816,0.0
2016,4,lewis-hamilton,nico-rosberg,0.5396467982433951,0.0
2016,4,kimi-raikkonen,sebastian-vettel,0.29392106162087334,0.0
2016,4,felipe-massa,valtteri-bottas,0.3365683019669183,0.0
2016,4,daniel-ricciardo,daniil-kvyat,0.6519199565364465,1.0
2016,4,nico-hulkenberg,sergio-perez,0.4875390292797746,0.0
2016,4,carlos-sainz-jr,max-verstappen,0.49547623334153795,0.0
2016,4,fernando-alonso,jenson-button,0.6154633928799926,0.0
2016,4,esteban-gutierrez,romain-grosjean,0.27590181328768276,0.0
2016,4,jolyon-palmer,kevin-magnussen,0.4960399656364221,0.0
2016,4,felipe-nasr,marcus-ericsson,0.4268134797355838,1.0
2016,4,pascal-wehrlein,rio-haryanto,0.5023820484905406,1.0
2016,5,lewis-hamilton,nico-rosberg,0.5024527060007776,1.0
2016,5,daniel-ricciardo,max-verstappen,0.6259051112487057,1.0
2016,5,kimi-raikkonen,sebastian-vettel,0.2773531196994618,1.0
2016,5,felipe-massa,valtteri-bottas,0.31612832681873015,0.0
2016,5,carlos-sainz-jr,daniil-kvyat,0.5134910722361595,1.0
2016,5,nico-hulkenberg,sergio-perez,0.45398898392092957,0.0
2016,5,fernando-alonso,jenson-button,0.5745103909457896,1.0
2016,5,esteban-gutierrez,romain-grosjean,0.26093463447583237,0.0
2016,5,jolyon-palmer,kevin-magnussen,0.46184895421218575,0.0
2016,5,felipe-nasr,marcus-ericsson,0.46593117448577814,0.0
2016,5,pascal-wehrlein,rio-haryanto,0.5366902280547292,1.0
2016,6,lewis-hamilton,nico-rosberg,0.5367556515409638,0.0
2016,6,kimi-raikkonen,sebastian-vettel,0.31909053385386227,0.0
2016,6,nico-hulkenberg,sergio-perez,0.4231127836541074,1.0
2016,6,carlos-sainz-jr,daniil-kvyat,0.5469623598508654,1.0
2016,6,fernando-alonso,jenson-button,0.6029674099501444,1.0
2016,6,felipe-massa,valtteri-bottas,0.29755426441237653,0.0
2016,6,esteban-gutierrez,romain-grosjean,0.24727193606166517,1.0
2016,6,jolyon-palmer,kevin-magnussen,0.43032753167697274,0.0
2016,6,pascal-wehrlein,rio-haryanto,0.5683303875590308,0.0
2016,7,lewis-hamilton,nico-rosberg,0.4997443083086682,1.0
2016,7,kimi-raikkonen,sebastian-vettel,0.30024689211772515,0.0
2016,7,daniel-ricciardo,max-verstappen,0.6497761822871978,1.0
2016,7,felipe-massa,valtteri-bottas,0.28066026795307514,0.0
2016,7,nico-hulkenberg,sergio-perez,0.46241896473554756,1.0
2016,7,fernando-alonso,jenson-button,0.6289112597977855,1.0
2016,7,carlos-sainz-jr,daniil-kvyat,0.5777597600601109,0.0
2016,7,esteban-gutierrez,romain-grosjean,0.28797714553104614,1.0
2016,7,pascal-wehrlein,rio-haryanto,0.5294675414614566,1.0
2016,7,felipe-nasr,marcus-ericsson,0.43407890608442373,0.0
2016,8,lewis-hamilton,nico-rosberg,0.5342470400114788,0.0
2016,8,nico-hulkenberg,sergio-perez,0.499482737101243,0.0
2016,8,daniel-ricciardo,max-verstappen,0.6714666414921568,1.0
2016,8,kimi-raikkonen,sebastian-vettel,0.28311064035011796,0.0
2016,8,felipe-massa,valtteri-bottas,0.2652732716865573,1.0
2016,8,carlos-sainz-jr,daniil-kvyat,0.5384098706171375,0.0
2016,8,esteban-gutierrez,romain-grosjean,0.329932646372037,0.0
2016,8,fernando-alonso,jenson-button,0.6525086328534928,1.0
2016,8,felipe-nasr,marcus-ericsson,0.4048808614440918,1.0
2016,8,pascal-wehrlein,rio-haryanto,0.561689056610779,0.0
2016,8,jolyon-palmer,kevin-magnussen,0.40145197553817763,0.0
2016,9,lewis-hamilton,nico-rosberg,0.4973962926638364,1.0
2016,9,nico-hulkenberg,sergio-perez,0.4650368458622813,1.0
2016,9,kimi-raikkonen,sebastian-vettel,0.26750659781054936,0.0
2016,9,fernando-alonso,jenson-button,0.6739488530084032,0.0
2016,9,daniel-ricciardo,max-verstappen,0.6911717562916664,1.0
2016,9,felipe-massa,valtteri-bottas,0.30667174342691805,0.0
2016,9,esteban-gutierrez,romain-grosjean,0.3100996514627919,1.0
2016,9,pascal-wehrlein,rio-haryanto,0.5231882093209866,1.0
2016,9,carlos-sainz-jr,daniil-kvyat,0.501293655834353,1.0
2016,9,jolyon-palmer,kevin-magnussen,0.3751128569719027,0.0
2016,9,felipe-nasr,marcus-ericsson,0.4450401492587862,0.0
2016,10,lewis-hamilton,nico-rosberg,0.5320708130076317,1.0
2016,10,daniel-ricciardo,max-verstappen,0.709083184095117,0.0
2016,10,kimi-raikkonen,sebastian-vettel,0.2532742843081814,1.0
2016,10,felipe-massa,valtteri-bottas,0.2889555326043563,0.0
2016,10,carlos-sainz-jr,daniil-kvyat,0.5356823111653948,1.0
2016,10,nico-hulkenberg,sergio-perez,0.5019336276579045,1.0
2016,10,fernando-alonso,jenson-button,0.6317847373653274,1.0
2016,10,esteban-gutierrez,romain-grosjean,0.3522811953508108,0.0
2016,10,jolyon-palmer,kevin-magnussen,0.3511491889229292,0.0
2016,10,pascal-wehrlein,rio-haryanto,0.5559070919409591,0.0
2016,11,lewis-hamilton,nico-rosberg,0.5640839048740591,0.0
2016,11,daniel-ricciardo,max-verstappen,0.6670801761312202,1.0
2016,11,kimi-raikkonen,sebastian-vettel,0.2942363676367478,0.0
2016,11,carlos-sainz-jr,daniil-kvyat,0.5674041727530942,1.0
2016,11,fernando-alonso,jenson-button,0.6551201701714204,1.0
2016,11,nico-hulkenberg,sergio-perez,0.5362749971684752,1.0
2016,11,esteban-gutierrez,romain-grosjean,0.33040235272351337,0.0
2016,12,lewis-hamilton,nico-rosberg,0.5254507557568647,0.0
2016,12,daniel-ricciardo,max-verstappen,0.6871863148231828,1.0
2016,12,kimi-raikkonen,sebastian-vettel,0.27764016827398447,1.0
2016,12,nico-hulkenberg,sergio-perez,0.5679488375637939,1.0
2016,12,felipe-massa,valtteri-bottas,0.2728315619606514,0.0
2016,12,esteban-gutierrez,romain-grosjean,0.3105264212032906,1.0
2016,12,fernando-alonso,jenson-button,0.6763212046470869,0.0
2016,12,carlos-sainz-jr,daniil-kvyat,0.5964749439944719,1.0
2016,12,jolyon-palmer,kevin-magnussen,0.3293739938982726,1.0
2016,12,pascal-wehrlein,rio-haryanto,0.5177337035660582,1.0
2016,12,felipe-nasr,marcus-ericsson,0.4149108850345842,1.0
2016,13,lewis-hamilton,nico-rosberg,0.48917760889426753,0.0
2016,13,daniel-ricciardo,max-verstappen,0.7054591809447615,0.0
2016,13,kimi-raikkonen,sebastian-vettel,0.3193844450641181,1.0
2016,13,nico-hulkenberg,sergio-perez,0.59697279454567,0.0
2016,13,felipe-massa,valtteri-bottas,0.2581340255008653,0.0
2016,13,esteban-gutierrez,romain-grosjean,0.35270941332458955,0.0
2016,13,jolyon-palmer,kevin-magnussen,0.37151639759836275,0.0
2016,13,carlos-sainz-jr,daniil-kvyat,0.6229989231770596,1.0
2016,13,esteban-ocon,pascal-wehrlein,0.47449469655258386,0.0
2016,13,felipe-nasr,marcus-ericsson,0.4546166737660807,1.0
2016,14,lewis-hamilton,nico-rosberg,0.4555027606108096,1.0
2016,14,kimi-raikkonen,sebastian-vettel,0.3615735369638859,0.0
2016,14,felipe-massa,valtteri-bottas,0.2447124411327613,0.0
2016,14,daniel-ricciardo,max-verstappen,0.6634051120398458,1.0
2016,14,nico-hulkenberg,sergio-perez,0.5567340666221968,0.0
2016,14,esteban-gutierrez,romain-grosjean,0.33079136584311203,1.0
2016,14,fernando-alonso,jenson-button,0.6341453379306707,1.0
2016,14,carlos-sainz-jr,daniil-kvyat,0.6471342266198735,1.0
2016,14,felipe-nasr,marcus-ericsson,0.4921658092747424,1.0
2016,14,jolyon-palmer,kevin-magnussen,0.3478800661338956,1.0
2016,15,lewis-hamilton,nico-rosberg,0.49299772086445437,0.0
2016,15,daniel-ricciardo,max-verstappen,0.6838475205553197,1.0
2016,15,kimi-raikkonen,sebastian-vettel,0.33884455525519125,1.0
2016,15,carlos-sainz-jr,daniil-kvyat,0.669066588935308,1.0
2016,15,nico-hulkenberg,sergio-perez,0.5185131550091011,1.0
2016,15,fernando-alonso,jenson-button,0.6572653735977342,1.0
2016,15,felipe-massa,valtteri-bottas,0.23243165774537614,0.0
2016,15,esteban-gutierrez,romain-grosjean,0.37292265994320534,1.0
2016,15,felipe-nasr,marcus-ericsson,0.5272181779403956,0.0
2016,15,jolyon-palmer,kevin-magnussen,0.3897927863300067,0.0
2016,15,esteban-ocon,pascal-wehrlein,0.4419584444885383,0.0
2016,16,lewis-hamilton,nico-rosberg,0.4590342226622881,1.0
2016,16,daniel-ricciardo,max-verstappen,0.7024237795018984,0.0
2016,16,kimi-raikkonen,sebastian-vettel,0.38089208194789304,0.0
2016,16,nico-hulkenberg,sergio-perez,0.5515972213461411,0.0
2016,16,fernando-alonso,jenson-button,0.6782699373898664,0.0
2016,16,felipe-massa,valtteri-bottas,0.22117114245858396,1.0
2016,16,esteban-gutierrez,romain-grosjean,0.414248171189299,0.0
2016,16,jolyon-palmer,kevin-magnussen,0.3644996522806802,0.0
2016,16,carlos-sainz-jr,daniil-kvyat,0.6889910713425247,0.0
2016,16,felipe-nasr,marcus-ericsson,0.4908271989642206,0.0
2016,16,esteban-ocon,pascal-wehrlein,0.4120892490921671,1.0
2016,17,lewis-hamilton,nico-rosberg,0.4963108459309805,0.0
2016,17,kimi-raikkonen,sebastian-vettel,0.3564036318565802,1.0
2016,17,daniel-ricciardo,max-verstappen,0.6603332491229568,0.0
2016,17,nico-hulkenberg,sergio-perez,0.513675157554905,0.0
2016,17,esteban-gutierrez,romain-grosjean,0.3867742480524644,0.0
2016,17,felipe-massa,valtteri-bottas,0.2604451519733167,0.0
2016,17,carlos-sainz-jr,daniil-kvyat,0.6468065709654693,0.0
2016,17,fernando-alonso,jenson-button,0.6360867776354019,1.0
2016,17,jolyon-palmer,kevin-magnussen,0.34150333404110905,1.0
2016,17,felipe-nasr,marcus-ericsson,0.45702730686352694,0.0
2016,17,esteban-ocon,pascal-wehrlein,0.4519265959720016,1.0
2016,18,lewis-hamilton,nico-rosberg,0.4620996800235394,1.0
2016,18,daniel-ricciardo,max-verstappen,0.6182962243156396,1.0
2016,18,kimi-raikkonen,sebastian-vettel,0.3981509077959398,1.0
2016,18,nico-hulkenberg,sergio-perez,0.47820895849153583,1.0
2016,18,felipe-massa,valtteri-bottas,0.24682466678689435,0.0
2016,18,carlos-sainz-jr,daniil-kvyat,0.6049927038420755,1.0
2016,18,fernando-alonso,jenson-button,0.6590295364107732,1.0
2016,18,esteban-gutierrez,romain-grosjean,0.3617534768872884,1.0
2016,18,jolyon-palmer,kevin-magnussen,0.3835156134362335,1.0
2016,18,felipe-nasr,marcus-ericsson,0.42590044508962643,0.0
2016,18,esteban-ocon,pascal-wehrlein,0.48963868837899344,0.0
2016,19,lewis-hamilton,nico-rosberg,0.4991836787978302,1.0
2016,19,daniel-ricciardo,max-verstappen,0.6428582459269216,0.0
2016,19,nico-hulkenberg,sergio-perez,0.5142353461732481,1.0
2016,19,kimi-raikkonen,sebastian-vettel,0.43859193350797465,1.0
2016,19,felipe-massa,valtteri-bottas,0.2343660472911681,0.0
2016,19,carlos-sainz-jr,daniil-kvyat,0.6307549015716627,1.0
2016,19,fernando-alonso,jenson-button,0.6798725416128865,1.0
2016,19,felipe-nasr,marcus-ericsson,0.39740777207176703,0.0
2016,19,esteban-ocon,pascal-wehrlein,0.45592882820677466,0.0
2016,19,esteban-gutierrez,romain-grosjean,0.4033784955755259,1.0
2016,20,lewis-hamilton,nico-rosberg,0.5337275482375677,1.0
2016,20,kimi-raikkonen,sebastian-vettel,0.4770771286442664,1.0
2016,20,daniel-ricciardo,max-verstappen,0.6011270037179052,0.0
2016,20,esteban-gutierrez,romain-grosjean,0.44360227522969486,0.0
2016,20,nico-hulkenberg,sergio-perez,0.5476495865749259,1.0
2016,20,fernando-alonso,jenson-button,0.6988106335094165,1.0
2016,20,felipe-massa,valtteri-bottas,0.22294643918526522,0.0
2016,20,carlos-sainz-jr,daniil-kvyat,0.6541842458976482,0.0
2016,20,jolyon-palmer,kevin-magnussen,0.42450378422362395,1.0
2016,20,esteban-ocon,pascal-wehrlein,0.42489241284571644,0.0
2016,20,felipe-nasr,marcus-ericsson,0.37143030579449116,0.0
2016,21,lewis-hamilton,nico-rosberg,0.5656073387956276,1.0
2016,21,daniel-ricciardo,max-verstappen,0.5607153183605927,1.0
2016,21,kimi-raikkonen,sebastian-vettel,0.5131802264657733,1.0
2016,21,nico-hulkenberg,sergio-perez,0.5783899717571406,1.0
2016,21,fernando-alonso,jenson-button,0.7160317962595449,1.0
2016,21,felipe-massa,valtteri-bottas,0.21245670861481641,1.0
2016,21,esteban-gutierrez,romain-grosjean,0.41359417981884694,1.0
2016,21,jolyon-palmer,kevin-magnussen,0.46373970563081823,1.0
2016,21,esteban-ocon,pascal-wehrlein,0.3964872571342509,0.0
2016,21,carlos-sainz-jr,daniil-kvyat,0.6122369955804413,0.0
2016,21,felipe-nasr,marcus-ericsson,0.34780181649167496,1.0
2017,1,lewis-hamilton,valtteri-bottas,0.4123406170275454,1.0
2017,1,kimi-raikkonen,sebastian-vettel,0.5466753044326218,0.0
2017,1,daniel-ricciardo,max-verstappen,0.5903577486140125,0.0
2017,1,kevin-magnussen,romain-grosjean,0.380720442343291,0.0
2017,1,felipe-massa,lance-stroll,0.366726299536514,1.0
2017,1,carlos-sainz-jr,daniil-kvyat,0.571398132693677,1.0
2017,1,esteban-ocon,sergio-perez,0.5006369766805587,0.0
2017,1,jolyon-palmer,nico-hulkenberg,0.42651012677797995,0.0
2017,1,fernando-alonso,stoffel-vandoorne,0.6758194343502734,1.0
2017,1,antonio-giovinazzi,marcus-ericsson,0.48368311822371385,0.0
2017,2,lewis-hamilton,valtteri-bottas,0.4521663689066255,1.0
2017,2,kimi-raikkonen,sebastian-vettel,0.5090476193026063,0.0
2017,2,daniel-ricciardo,max-verstappen,0.5504088153209916,1.0
2017,2,felipe-massa,lance-stroll,0.40822525826665185,1.0
2017,2,jolyon-palmer,nico-hulkenberg,0.3979645807775485,0.0
2017,2,esteban-ocon,sergio-perez,0.46610625897282343,0.0
2017,2,carlos-sainz-jr,daniil-kvyat,0.6001247326513994,0.0
2017,2,kevin-magnussen,romain-grosjean,0.35624755405360375,1.0
2017,2,fernando-alonso,stoffel-vandoorne,0.6951270855715738,1.0
2017,2,antonio-giovinazzi,marcus-ericsson,0.4504290535424518,0.0
2017,3,lewis-hamilton,valtteri-bottas,0.4898640296170194,0.0
2017,3,kimi-raikkonen,sebastian-vettel,0.47390856475932375,0.0
2017,3,daniel-ricciardo,max-verstappen,0.580919519246016,1.0
2017,3,jolyon-palmer,nico-hulkenberg,0.37193724440960985,0.0
2017,3,felipe-massa,lance-stroll,0.4482377337288159,1.0
2017,3,kevin-magnussen,romain-grosjean,0.3979981859107988,0.0
2017,3,carlos-sainz-jr,daniil-kvyat,0.5597541288825383,0.0
2017,3,marcus-ericsson,pascal-wehrlein,0.4696498057688246,0.0
2017,3,esteban-ocon,sergio-perez,0.43423986828916145,1.0
2017,3,fernando-alonso,stoffel-vandoorne,0.712680662374355,1.0
2017,4,kimi-raikkonen,sebastian-vettel,0.44141867917120153,0.0
2017,4,lewis-hamilton,valtteri-bottas,0.45613707533916814,0.0
2017,4,daniel-ricciardo,max-verstappen,0.6088177654156262,1.0
2017,4,felipe-massa,lance-stroll,0.48616953376312555,1.0
2017,4,jolyon-palmer,nico-hulkenberg,0.34826258185750913,0.0
2017,4,esteban-ocon,sergio-perez,0.47296443964178586,0.0
2017,4,carlos-sainz-jr,daniil-kvyat,0.5213616091629238,1.0
2017,4,kevin-magnussen,romain-grosjean,0.3719678405032989,1.0
2017,4,fernando-alonso,stoffel-vandoorne,0.7286587845259975,1.0
2017,4,marcus-ericsson,pascal-wehrlein,0.43749881431308313,0.0
2017,5,lewis-hamilton,valtteri-bottas,0.4250834977564289,1.0
2017,5,kimi-raikkonen,sebastian-vettel,0.411595178959966,0.0
2017,5,daniel-ricciardo,max-verstappen,0.6342360696510252,0.0
2017,5,fernando-alonso,stoffel-vandoorne,0.7432257966807132,1.0
2017,5,esteban-ocon,sergio-perez,0.4405493813050604,0.0
2017,5,felipe-massa,lance-stroll,0.5216466166011475,1.0
2017,5,kevin-magnussen,romain-grosjean,0.4133212462281235,1.0
2017,5,carlos-sainz-jr,daniil-kvyat,0.554223704207474,1.0
2017,5,jolyon-palmer,nico-hulkenberg,0.3267517300861139,0.0
2017,5,marcus-ericsson,pascal-wehrlein,0.40800841137402954,0.0
2017,6,kimi-raikkonen,sebastian-vettel,0.3843552489330642,1.0
2017,6,lewis-hamilton,valtteri-bottas,0.464289928165642,0.0
2017,6,daniel-ricciardo,max-verstappen,0.5927117931511954,0.0
2017,6,carlos-sainz-jr,daniil-kvyat,0.584414882911256,1.0
2017,6,esteban-ocon,sergio-perez,0.41079956232522996,0.0
2017,6,kevin-magnussen,romain-grosjean,0.4531015297594337,0.0
2017,6,jenson-button,stoffel-vandoorne,0.4827226512283059,1.0
2017,6,jolyon-palmer,nico-hulkenberg,0.3072093649066806,0.0
2017,6,felipe-massa,lance-stroll,0.5544864104260538,1.0
2017,6,marcus-ericsson,pascal-wehrlein,0.3810859366599632,0.0
2017,7,lewis-hamilton,valtteri-bottas,0.43257031441576443,1.0
2017,7,kimi-raikkonen,sebastian-vettel,0.4253145314168387,0.0
2017,7,daniel-ricciardo,max-verstappen,0.5526577336913828,0.0
2017,7,felipe-massa,lance-stroll,0.5846555033111042,1.0
2017,7,esteban-ocon,sergio-perez,0.38362994267220435,0.0
2017,7,jolyon-palmer,nico-hulkenberg,0.2894445105018658,0.0
2017,7,carlos-sainz-jr,daniil-kvyat,0.6120064509933644,0.0
2017,7,fernando-alonso,stoffel-vandoorne,0.7694514920071657,1.0
2017,7,kevin-magnussen,romain-grosjean,0.42229883292066567,0.0
2017,7,marcus-ericsson,pascal-wehrlein,0.356579912488357,1.0
2017,8,lewis-hamilton,valtteri-bottas,0.4713849688985049,1.0
2017,8,kimi-raikkonen,sebastian-vettel,0.39687271253608064,1.0
2017,8,daniel-ricciardo,max-verstappen,0.5146732631110098,0.0
2017,8,esteban-ocon,sergio-perez,0.3588934778216664,0.0
2017,8,felipe-massa,lance-stroll,0.6122259116965416,0.0
2017,8,carlos-sainz-jr,daniil-kvyat,0.5711759175505525,0.0
2017,8,kevin-magnussen,romain-grosjean,0.39411940560926506,1.0
2017,8,marcus-ericsson,pascal-wehrlein,0.3983233836425709,0.0
2017,8,fernando-alonso,stoffel-vandoorne,0.7805577336370044,1.0
2017,9,lewis-hamilton,valtteri-bottas,0.5078684496939959,0.0
2017,9,kimi-raikkonen,sebastian-vettel,0.43736514465788656,0.0
2017,9,daniel-ricciardo,max-verstappen,0.47913722825379834,1.0
2017,9,kevin-magnussen,romain-grosjean,0.434720252746351,0.0
2017,9,esteban-ocon,sergio-perez,0.3364095318715309,0.0
2017,9,carlos-sainz-jr,daniil-kvyat,0.532162714001056,1.0
2017,9,jolyon-palmer,nico-hulkenberg,0.273276909003804,0.0
2017,9,fernando-alonso,stoffel-vandoorne,0.7907667972736959,1.0
2017,9,felipe-massa,lance-stroll,0.5713874487369196,1.0
2017,9,marcus-ericsson,pascal-wehrlein,0.37226392426803634,1.0
2017,10,lewis-hamilton,valtteri-bottas,0.4728136285300253,1.0
2017,10,kimi-raikkonen,sebastian-vettel,0.4078861386698197,1.0
2017,10,daniel-ricciardo,max-verstappen,0.5151004401772801,0.0
2017,10,jolyon-palmer,nico-hulkenberg,0.25854032237225566,0.0
2017,10,esteban-ocon,sergio-perez,0.3159840884608786,0.0
2017,10,fernando-alonso,stoffel-vandoorne,0.8001715577461417,0.0
2017,10,kevin-magnussen,romain-grosjean,0.40546726033450936,0.0
2017,10,carlos-sainz-jr,daniil-kvyat,0.5641684248312266,0.0
2017,10,felipe-massa,lance-stroll,0.6001149720685164,1.0
2017,10,marcus-ericsson,pascal-wehrlein,0.4136087252276426,0.0
2017,11,kimi-raikkonen,sebastian-vettel,0.44791370361325544,0.0
2017,11,lewis-hamilton,valtteri-bottas,0.5092024947855528,0.0
2017,11,daniel-ricciardo,max-verstappen,0.47953459612306426,0.0
2017,11,jolyon-palmer,nico-hulkenberg,0.24508382088468358,0.0
2017,11,fernando-alonso,stoffel-vandoorne,0.762470387195825,1.0
2017,11,carlos-sainz-jr,daniil-kvyat,0.5255306425971484,1.0
2017,11,esteban-ocon,sergio-perez,0.29742314315862733,1.0
2017,11,kevin-magnussen,romain-grosjean,0.3787704293004727,0.0
2017,11,lance-stroll,paul-di-resta,0.37019934674328786,1.0
2017,11,marcus-ericsson,pascal-wehrlein,0.38619113571596264,0.0
2017,12,lewis-hamilton,valtteri-bottas,0.47405240284419403,1.0
2017,12,kimi-raikkonen,sebastian-vettel,0.41754322370867286,0.0
2017,12,daniel-ricciardo,max-verstappen,0.44660248280930687,0.0
2017,12,jolyon-palmer,nico-hulkenberg,0.2327718177122944,0.0
2017,12,esteban-ocon,sergio-perez,0.33951197135211464,0.0
2017,12,fernando-alonso,stoffel-vandoorne,0.7741515099960746,1.0
2017,12,kevin-magnussen,romain-grosjean,0.3544744466413014,0.0
2017,12,carlos-sainz-jr,daniil-kvyat,0.5580648915816374,1.0
2017,12,felipe-massa,lance-stroll,0.6057366711329222,1.0
2017,12,marcus-ericsson,pascal-wehrlein,0.36122304469537303,1.0
2017,13,lewis-hamilton,valtteri-bottas,0.5103587623552295,1.0
2017,13,daniel-ricciardo,max-verstappen,0.41634191458413067,0.0
2017,13,felipe-massa,lance-stroll,0.6314320643235903,0.0
2017,13,esteban-ocon,sergio-perez,0.31880251617351313,1.0
2017,13,kimi-raikkonen,sebastian-vettel,0.38977969175817095,1.0
2017,13,fernando-alonso,stoffel-vandoorne,0.784875381018248,0.0
2017,13,jolyon-palmer,nico-hulkenberg,0.2214833714864954,0.0
2017,13,carlos-sainz-jr,daniil-kvyat,0.587932112280979,0.0
2017,13,marcus-ericsson,pascal-wehrlein,0.4028608081229616,1.0
2017,14,kimi-raikkonen,sebastian-vettel,0.4305449143976565,0.0
2017,14,daniel-ricciardo,max-verstappen,0.38868383497300646,0.0
2017,14,lewis-hamilton,valtteri-bottas,0.5440688159744059,1.0
2017,14,jolyon-palmer,nico-hulkenberg,0.21111110184685425,0.0
2017,14,fernando-alonso,stoffel-vandoorne,0.746008916266301,1.0
2017,14,carlos-sainz-jr,daniil-kvyat,0.5480937811840827,1.0
2017,14,esteban-ocon,sergio-perez,0.36099259549585827,0.0
2017,14,kevin-magnussen,romain-grosjean,0.33239482590231123,0.0
2017,14,felipe-massa,lance-stroll,0.5899827769820306,1.0
2017,14,marcus-ericsson,pascal-wehrlein,0.4431065992167456,0.0
2017,15,lewis-hamilton,valtteri-bottas,0.5751054255256605,1.0
2017,15,daniel-ricciardo,max-verstappen,0.363490693911728,0.0
2017,15,esteban-ocon,sergio-perez,0.3383167153179849,1.0
2017,15,fernando-alonso,stoffel-vandoorne,0.7590756975432227,0.0
2017,15,jolyon-palmer,nico-hulkenberg,0.20155993779906933,0.0
2017,15,felipe-massa,lance-stroll,0.6170831991905875,1.0
2017,15,carlos-sainz-jr,pierre-gasly,0.513604133642549,1.0
2017,15,kevin-magnussen,romain-grosjean,0.31233670567228866,0.0
2017,15,marcus-ericsson,pascal-wehrlein,0.41314034543515077,0.0
2017,16,lewis-hamilton,valtteri-bottas,0.6035107690399899,1.0
2017,16,kimi-raikkonen,sebastian-vettel,0.4016506210010696,0.0
2017,16,daniel-ricciardo,max-verstappen,0.3405865310788104,1.0
2017,16,esteban-ocon,sergio-perez,0.380370795543032,1.0
2017,16,felipe-massa,lance-stroll,0.6417551023676966,1.0
2017,16,fernando-alonso,stoffel-vandoorne,0.7186708954478412,1.0
2017,16,jolyon-palmer,nico-hulkenberg,0.1927458333822178,0.0
2017,16,kevin-magnussen,romain-grosjean,0.2941071392068677,1.0
2017,16,carlos-sainz-jr,pierre-gasly,0.5470667630049553,1.0
2017,16,marcus-ericsson,pascal-wehrlein,0.38576404556298083,1.0
2017,17,lewis-hamilton,valtteri-bottas,0.6294059145464925,1.0
2017,17,kimi-raikkonen,sebastian-vettel,0.3752937730399051,0.0
2017,17,daniel-ricciardo,max-verstappen,0.38261138483862017,1.0
2017,17,esteban-ocon,sergio-perez,0.4214643899568998,1.0
2017,17,carlos-sainz-jr,nico-hulkenberg,0.3482278348315542,1.0
2017,17,fernando-alonso,stoffel-vandoorne,0.7341170786940587,1.0
2017,17,felipe-massa,lance-stroll,0.6641797266953533,1.0
2017,17,brendon-hartley,daniil-kvyat,0.5654738836727,0.0
2017,17,kevin-magnussen,romain-grosjean,0.3361555311298966,0.0
2017,17,marcus-ericsson,pascal-wehrlein,0.426674160894935,1.0
2017,18,kimi-raikkonen,sebastian-vettel,0.351313653127043,0.0
2017,18,daniel-ricciardo,max-verstappen,0.4236303180519142,0.0
2017,18,lewis-hamilton,valtteri-bottas,0.6529582172623067,1.0
2017,18,esteban-ocon,sergio-perez,0.4608529072389562,1.0
2017,18,carlos-sainz-jr,nico-hulkenberg,0.3901345229807286,0.0
2017,18,felipe-massa,lance-stroll,0.6845512401445707,1.0
2017,18,brendon-hartley,pierre-gasly,0.5129096320203855,1.0
2017,18,fernando-alonso,stoffel-vandoorne,0.7482081806747224,1.0
2017,18,marcus-ericsson,pascal-wehrlein,0.4657990419671677,1.0
2017,18,kevin-magnussen,romain-grosjean,0.3157533349053806,1.0
2017,19,kimi-raikkonen,sebastian-vettel,0.32952339889447235,0.0
2017,19,daniel-ricciardo,max-verstappen,0.39533490822127126,0.0
2017,19,esteban-ocon,sergio-perez,0.49801559363031445,0.0
2017,19,fernando-alonso,stoffel-vandoorne,0.7610875579492771,1.0
2017,19,carlos-sainz-jr,nico-hulkenberg,0.36481059117442294,0.0
2017,19,felipe-massa,lance-stroll,0.7030635104412178,1.0
2017,19,kevin-magnussen,romain-grosjean,0.35794541733958013,0.0
2017,19,brendon-hartley,pierre-gasly,0.5464254026971873,1.0
2017,19,marcus-ericsson,pascal-wehrlein,0.5026468218121584,0.0
2017,20,lewis-hamilton,valtteri-bottas,0.6743572614668096,0.0
2017,20,kimi-raikkonen,sebastian-vettel,0.3097278097724957,0.0
2017,20,daniel-ricciardo,max-verstappen,0.3695433055088082,1.0
2017,20,carlos-sainz-jr,nico-hulkenberg,0.3417858783570997,0.0
2017,20,esteban-ocon,sergio-perez,0.4636779801473189,0.0
2017,20,felipe-massa,lance-stroll,0.7199019976034376,1.0
2017,20,fernando-alonso,stoffel-vandoorne,0.7728834995455356,1.0
2017,20,kevin-magnussen,romain-grosjean,0.33554818731796066,1.0
2017,20,brendon-hartley,pierre-gasly,0.5772672974314934,0.0
2017,20,marcus-ericsson,pascal-wehrlein,0.4679691594889419,0.0
2018,1,lewis-hamilton,valtteri-bottas,0.6321908991622259,1.0
2018,1,kimi-raikkonen,sebastian-vettel,0.29173487299962053,1.0
2018,1,daniel-ricciardo,max-verstappen,0.410965638941454,0.0
2018,1,kevin-magnussen,romain-grosjean,0.3776342133569658,1.0
2018,1,carlos-sainz-jr,nico-hulkenberg,0.32086820123426435,0.0
2018,1,fernando-alonso,stoffel-vandoorne,0.7837101484010301,1.0
2018,1,esteban-ocon,sergio-perez,0.43200795237897244,0.0
2018,1,lance-stroll,sergey-sirotkin,0.32293349219686723,1.0
2018,1,brendon-hartley,pierre-gasly,0.5379420423432401,1.0
2018,1,charles-leclerc,marcus-ericsson,0.4684628419830833,0.0
2018,2,kimi-raikkonen,sebastian-vettel,0.3337501281774197,0.0
2018,2,lewis-hamilton,valtteri-bottas,0.6554892838463655,0.0
2018,2,daniel-ricciardo,max-verstappen,0.3837813375943646,1.0
2018,2,brendon-hartley,pierre-gasly,0.5694804761699941,0.0
2018,2,kevin-magnussen,romain-grosjean,0.41881594586583404,1.0
2018,2,carlos-sainz-jr,nico-hulkenberg,0.3018626124345831,0.0
2018,2,esteban-ocon,sergio-perez,0.4029877109865804,1.0
2018,2,fernando-alonso,stoffel-vandoorne,0.7936686891593742,1.0
2018,2,charles-leclerc,marcus-ericsson,0.4364069207279312,0.0
2018,2,lance-stroll,sergey-sirotkin,0.36511240049391597,0.0
2018,3,kimi-raikkonen,sebastian-vettel,0.3135680359374336,0.0
2018,3,lewis-hamilton,valtteri-bottas,0.6135213356579577,0.0
2018,3,daniel-ricciardo,max-verstappen,0.42476039956246875,0.0
2018,3,carlos-sainz-jr,nico-hulkenberg,0.28458075858381743,0.0
2018,3,esteban-ocon,sergio-perez,0.4432281163720356,0.0
2018,3,kevin-magnussen,romain-grosjean,0.45833463214508474,0.0
2018,3,fernando-alonso,stoffel-vandoorne,0.8028486285783973,1.0
2018,3,brendon-hartley,pierre-gasly,0.5305565124155482,1.0
2018,3,lance-stroll,sergey-sirotkin,0.3420601294450573,0.0
2018,3,charles-leclerc,marcus-ericsson,0.40700968719059766,1.0
2018,4,kimi-raikkonen,sebastian-vettel,0.2952266681833806,0.0
2018,4,lewis-hamilton,valtteri-bottas,0.5726364928033059,1.0
2018,4,daniel-ricciardo,max-verstappen,0.3963667142567857,1.0
2018,4,esteban-ocon,sergio-perez,0.4132516015699336,1.0
2018,4,carlos-sainz-jr,nico-hulkenberg,0.268846229133683,0.0
2018,4,lance-stroll,sergey-sirotkin,0.3211173367839359,1.0
2018,4,fernando-alonso,stoffel-vandoorne,0.811329064741717,1.0
2018,4,charles-leclerc,marcus-ericsson,0.4470760394415883,1.0
2018,5,lewis-hamilton,valtteri-bottas,0.6012559697207749,1.0
2018,5,kimi-raikkonen,sebastian-vettel,0.2785416699490801,0.0
2018,5,daniel-ricciardo,max-verstappen,0.43687930874573594,0.0
2018,5,kevin-magnussen,romain-grosjean,0.4271003943085713,1.0
2018,5,fernando-alonso,stoffel-vandoorne,0.8191798869341681,1.0
2018,5,carlos-sainz-jr,nico-hulkenberg,0.254497177330344,1.0
2018,5,esteban-ocon,sergio-perez,0.45303512656109296,1.0
2018,5,charles-leclerc,marcus-ericsson,0.48507611883409363,1.0
2018,5,lance-stroll,sergey-sirotkin,0.36330234711664067,0.0
2018,6,kimi-raikkonen,sebastian-vettel,0.2633418670795184,0.0
2018,6,lewis-hamilton,valtteri-bottas,0.6273530759220094,1.0
2018,6,esteban-ocon,sergio-perez,0.4906803446700715,1.0
2018,6,fernando-alonso,stoffel-vandoorne,0.8264628770711662,1.0
2018,6,carlos-sainz-jr,nico-hulkenberg,0.2955084024660796,1.0
2018,6,brendon-hartley,pierre-gasly,0.5626909978195903,0.0
2018,6,lance-stroll,sergey-sirotkin,0.3404153903964327,0.0
2018,6,charles-leclerc,marcus-ericsson,0.5206296480833201,1.0
2018,6,kevin-magnussen,romain-grosjean,0.4662032673304746,0.0
2018,7,kimi-raikkonen,sebastian-vettel,0.24947113289121223,0.0
2018,7,lewis-hamilton,valtteri-bottas,0.6510923609005179,0.0
2018,7,daniel-ricciardo,max-verstappen,0.4074417469658104,0.0
2018,7,carlos-sainz-jr,nico-hulkenberg,0.33757471486419555,0.0
2018,7,esteban-ocon,sergio-perez,0.5258387821748567,1.0
2018,7,brendon-hartley,pierre-gasly,0.5241345589054767,1.0
2018,7,charles-leclerc,marcus-ericsson,0.553548941692164,1.0
2018,7,fernando-alonso,stoffel-vandoorne,0.8332327014792082,1.0
2018,7,lance-stroll,sergey-sirotkin,0.31962321366120805,1.0
2018,8,lewis-hamilton,valtteri-bottas,0.6091976421532712,1.0
2018,8,kimi-raikkonen,sebastian-vettel,0.23678877534454762,0.0
2018,8,daniel-ricciardo,max-verstappen,0.38056953820380407,0.0
2018,8,carlos-sainz-jr,nico-hulkenberg,0.31704261821525115,1.0
2018,8,charles-leclerc,marcus-ericsson,0.5837967999150391,1.0
2018,8,kevin-magnussen,romain-grosjean,0.43432905439257413,1.0
2018,8,esteban-ocon,sergio-perez,0.5583486623806585,1.0
2018,8,brendon-hartley,pierre-gasly,0.5567789803494105,0.0
2018,8,fernando-alonso,stoffel-vandoorne,0.8395377924530224,1.0
2018,8,lance-stroll,sergey-sirotkin,0.36181184456557713,0.0
2018,9,lewis-hamilton,valtteri-bottas,0.6345817376166523,0.0
2018,9,kimi-raikkonen,sebastian-vettel,0.22516903947431285,0.0
2018,9,daniel-ricciardo,max-verstappen,0.3561103329990803,0.0
2018,9,kevin-magnussen,romain-grosjean,0.4730487861277051,0.0
2018,9,carlos-sainz-jr,nico-hulkenberg,0.35923450534838797,1.0
2018,9,esteban-ocon,sergio-perez,0.5881918640667647,1.0
2018,9,brendon-hartley,pierre-gasly,0.5185554942254321,0.0
2018,9,charles-leclerc,marcus-ericsson,0.61144269307094,1.0
2018,9,fernando-alonso,stoffel-vandoorne,0.8454211249733011,1.0
2018,9,lance-stroll,sergey-sirotkin,0.3390610824178239,1.0
2018,10,lewis-hamilton,valtteri-bottas,0.5930484748347529,1.0
2018,10,kimi-raikkonen,sebastian-vettel,0.21450012317519682,0.0
2018,10,daniel-ricciardo,max-verstappen,0.3338809977717587,0.0
2018,10,kevin-magnussen,romain-grosjean,0.440627035785731,1.0
2018,10,charles-leclerc,marcus-ericsson,0.6366244201586058,1.0
2018,10,esteban-ocon,sergio-perez,0.6154506029557699,1.0
2018,10,carlos-sainz-jr,nico-hulkenberg,0.400918831405388,0.0
2018,10,fernando-alonso,stoffel-vandoorne,0.8509208969939571,1.0
2018,11,kimi-raikkonen,sebastian-vettel,0.20468296318709683,0.0
2018,11,lewis-hamilton,valtteri-bottas,0.6198771744423888,0.0
2018,11,daniel-ricciardo,max-verstappen,0.31368693287570065,0.0
2018,11,kevin-magnussen,romain-grosjean,0.4789980660056786,1.0
2018,11,carlos-sainz-jr,nico-hulkenberg,0.3746273130150625,0.0
2018,11,charles-leclerc,marcus-ericsson,0.659518067045941,1.0
2018,11,esteban-ocon,sergio-perez,0.6402702645212323,0.0
2018,11,fernando-alonso,stoffel-vandoorne,0.8560711229364019,1.0
2018,11,lance-stroll,sergey-sirotkin,0.3811058780816218,0.0
2018,11,brendon-hartley,pierre-gasly,0.48275032355465647,0.0
2018,12,lewis-hamilton,valtteri-bottas,0.5787754548666276,1.0
2018,12,kimi-raikkonen,sebastian-vettel,0.1956299507264084,1.0
2018,12,carlos-sainz-jr,nico-hulkenberg,0.35070780570303894,1.0
2018,12,brendon-hartley,pierre-gasly,0.44956833639254024,0.0
2018,12,daniel-ricciardo,max-verstappen,0.29533476575828627,0.0
2018,12,kevin-magnussen,romain-grosjean,0.5149707639544842,1.0
2018,12,fernando-alonso,stoffel-vandoorne,0.8609021501940627,1.0
2018,12,charles-leclerc,marcus-ericsson,0.6803163370123828,0.0
2018,12,lance-stroll,sergey-sirotkin,0.35659804621450725,1.0
2018,12,esteban-ocon,sergio-perez,0.5985973544777149,1.0
2018,13,lewis-hamilton,valtteri-bottas,0.6068611541714685,1.0
2018,13,kimi-raikkonen,sebastian-vettel,0.23297667019693702,0.0
2018,13,esteban-ocon,sergio-perez,0.6249320697564431,1.0
2018,13,kevin-magnussen,romain-grosjean,0.5483285190274956,0.0
2018,13,daniel-ricciardo,max-verstappen,0.2786400701040307,0.0
2018,13,brendon-hartley,pierre-gasly,0.41905953943905544,0.0
2018,13,charles-leclerc,marcus-ericsson,0.6381278279683554,1.0
2018,13,carlos-sainz-jr,nico-hulkenberg,0.39256969404516806,0.0
2018,13,fernando-alonso,stoffel-vandoorne,0.8654411080192775,1.0
2018,13,lance-stroll,sergey-sirotkin,0.3983411251055505,0.0
2018,14,kimi-raikkonen,sebastian-vettel,0.22167139391821047,1.0
2018,14,lewis-hamilton,valtteri-bottas,0.6324554981277657,1.0
2018,14,daniel-ricciardo,max-verstappen,0.26343158264825983,0.0
2018,14,kevin-magnussen,romain-grosjean,0.5106010915989195,0.0
2018,14,carlos-sainz-jr,nico-hulkenberg,0.3670265300900283,1.0
2018,14,esteban-ocon,sergio-perez,0.648891652104884,1.0
2018,14,brendon-hartley,pierre-gasly,0.39116312667468794,0.0
2018,14,lance-stroll,sergey-sirotkin,0.3722800776313078,1.0
2018,14,fernando-alonso,stoffel-vandoorne,0.8697122974277519,1.0
2018,14,charles-leclerc,marcus-ericsson,0.6608841036083076,1.0
2018,15,lewis-hamilton,valtteri-bottas,0.6557297444274653,1.0
2018,15,daniel-ricciardo,max-verstappen,0.24955308133746018,0.0
2018,15,kimi-raikkonen,sebastian-vettel,0.2609778050538526,0.0
2018,15,esteban-ocon,sergio-perez,0.6706631074753501,0.0
2018,15,kevin-magnussen,romain-grosjean,0.47535160247572084,0.0
2018,15,carlos-sainz-jr,nico-hulkenberg,0.4085175005305006,0.0
2018,15,fernando-alonso,stoffel-vandoorne,0.873737529890469,1.0
2018,15,charles-leclerc,marcus-ericsson,0.681557294454267,1.0
2018,15,brendon-hartley,pierre-gasly,0.3657465429161668,0.0
2018,15,lance-stroll,sergey-sirotkin,0.413624407974556,0.0
2018,16,lewis-hamilton,valtteri-bottas,0.6768749492639369,0.0
2018,16,kimi-raikkonen,sebastian-vettel,0.24731138213915124,0.0
2018,16,kevin-magnussen,romain-grosjean,0.4427476859096416,1.0
2018,16,esteban-ocon,sergio-perez,0.6285204277522543,1.0
2018,16,charles-leclerc,marcus-ericsson,0.7003419489365152,1.0
2018,16,daniel-ricciardo,max-verstappen,0.23686377958549656,0.0
2018,16,brendon-hartley,pierre-gasly,0.34263637694560894,0.0
2018,16,carlos-sainz-jr,nico-hulkenberg,0.3815498927057678,1.0
2018,16,fernando-alonso,stoffel-vandoorne,0.8775364216941763,1.0
2018,16,lance-stroll,sergey-sirotkin,0.38620543634995497,0.0
2018,17,lewis-hamilton,valtteri-bottas,0.6346967929279926,1.0
2018,17,daniel-ricciardo,max-verstappen,0.22523783277808562,0.0
2018,17,kimi-raikkonen,sebastian-vettel,0.23481169095803361,1.0
2018,17,kevin-magnussen,romain-grosjean,0.4809982631869677,0.0
2018,17,brendon-hartley,pierre-gasly,0.3216408110725026,1.0
2018,17,esteban-ocon,sergio-perez,0.6521534048051776,1.0
2018,17,charles-leclerc,marcus-ericsson,0.7174251800956014,1.0
2018,17,carlos-sainz-jr,nico-hulkenberg,0.4226044758688873,1.0
2018,17,lance-stroll,sergey-sirotkin,0.36123605311866824,1.0
2018,17,fernando-alonso,stoffel-vandoorne,0.8811266499983856,1.0
2018,18,lewis-hamilton,valtteri-bottas,0.65776648517706,1.0
2018,18,kimi-raikkonen,sebastian-vettel,0.2748986930263095,0.0
2018,18,daniel-ricciardo,max-verstappen,0.21456335615691424,1.0
2018,18,esteban-ocon,sergio-perez,0.6736261587304636,1.0
2018,18,carlos-sainz-jr,nico-hulkenberg,0.46193615385308173,0.0
2018,18,kevin-magnussen,romain-grosjean,0.4479521516321089,0.0
2018,18,charles-leclerc,marcus-ericsson,0.732981713053864,1.0
2018,18,brendon-hartley,pierre-gasly,0.36382425359440185,0.0
2018,18,fernando-alonso,stoffel-vandoorne,0.8845241758296424,1.0
2018,18,lance-stroll,sergey-sirotkin,0.402873505621571,0.0
2018,19,daniel-ricciardo,max-verstappen,0.25339048916556844,1.0
2018,19,lewis-hamilton,valtteri-bottas,0.6787251564399046,1.0
2018,19,kimi-raikkonen,sebastian-vettel,0.26001972171890425,0.0
2018,19,carlos-sainz-jr,nico-hulkenberg,0.43040763299005885,0.0
2018,19,charles-leclerc,marcus-ericsson,0.7471715256386366,1.0
2018,19,esteban-ocon,sergio-perez,0.6931340153586331,1.0
2018,19,fernando-alonso,stoffel-vandoorne,0.8877434385457251,1.0
2018,19,brendon-hartley,pierre-gasly,0.34088962128767075,1.0
2018,19,kevin-magnussen,romain-grosjean,0.41757845286811934,0.0
2018,19,lance-stroll,sergey-sirotkin,0.3764075868839177,1.0
2018,20,lewis-hamilton,valtteri-bottas,0.6977678073194683,1.0
2018,20,kimi-raikkonen,sebastian-vettel,0.24643590127084777,0.0
2018,20,daniel-ricciardo,max-verstappen,0.2943572883231419,0.0
2018,20,charles-leclerc,marcus-ericsson,0.7601391555232472,0.0
2018,20,kevin-magnussen,romain-grosjean,0.3898118308031021,0.0
2018,20,brendon-hartley,pierre-gasly,0.3829103668592395,0.0
2018,20,esteban-ocon,sergio-perez,0.7108677990646803,0.0
2018,20,carlos-sainz-jr,nico-hulkenberg,0.40152517183214403,0.0
2018,20,lance-stroll,sergey-sirotkin,0.4176277273865518,0.0
2018,20,fernando-alonso,stoffel-vandoorne,0.8907975256761737,1.0
2018,21,lewis-hamilton,valtteri-bottas,0.7150829902496527,1.0
2018,21,kimi-raikkonen,sebastian-vettel,0.23401006295934904,0.0
2018,21,daniel-ricciardo,max-verstappen,0.27775025014575466,1.0
2018,21,kevin-magnussen,romain-grosjean,0.3645169802372211,0.0
2018,21,charles-leclerc,marcus-ericsson,0.7197876168119501,1.0
2018,21,esteban-ocon,sergio-perez,0.668892977162038,1.0
2018,21,carlos-sainz-jr,nico-hulkenberg,0.3751795200059361,0.0
2018,21,fernando-alonso,stoffel-vandoorne,0.8936983214981349,1.0
2018,21,brendon-hartley,pierre-gasly,0.35823904628592745,1.0
2018,21,lance-stroll,sergey-sirotkin,0.38985678344812913,0.0
2019,1,lewis-hamilton,valtteri-bottas,0.7308473928266519,1.0
2019,1,charles-leclerc,sebastian-vettel,0.5703170179706855,0.0
2019,1,max-verstappen,pierre-gasly,0.648850392487894,1.0
2019,1,kevin-magnussen,romain-grosjean,0.3415190795568455,0.0
2019,1,carlos-sainz-jr,lando-norris,0.5475457309935191,0.0
2019,1,antonio-giovinazzi,kimi-raikkonen,0.6965624220593114,0.0
2019,1,lance-stroll,sergio-perez,0.49110427429915154,0.0
2019,1,daniel-ricciardo,nico-hulkenberg,0.2999193774823635,0.0
2019,1,alexander-albon,daniil-kvyat,0.5461891735710972,1.0
2019,1,george-russell,robert-kubica,0.5,1.0
2019,2,charles-leclerc,sebastian-vettel,0.531348894393848,1.0
2019,2,lewis-hamilton,valtteri-bottas,0.7452231719006913,1.0
2019,2,max-verstappen,pierre-gasly,0.6706256258410637,1.0
2019,2,kevin-magnussen,romain-grosjean,0.32062583509195275,1.0
2019,2,carlos-sainz-jr,lando-norris,0.5098654228565666,1.0
2019,2,antonio-giovinazzi,kimi-raikkonen,0.6544175132315038,0.0
2019,2,daniel-ricciardo,nico-hulkenberg,0.2828126187868719,1.0
2019,2,alexander-albon,daniil-kvyat,0.5770506282942794,1.0
2019,2,lance-stroll,sergio-perez,0.45728343840522523,0.0
2019,2,george-russell,robert-kubica,0.5344839447268315,1.0
2019,3,lewis-hamilton,valtteri-bottas,0.7583570684605515,0.0
2019,3,charles-leclerc,sebastian-vettel,0.5634199123517499,0.0
2019,3,max-verstappen,pierre-gasly,0.6904075948836133,1.0
2019,3,daniel-ricciardo,nico-hulkenberg,0.3246712677655795,1.0
2019,3,kevin-magnussen,romain-grosjean,0.36281217627162377,1.0
2019,3,lance-stroll,sergio-perez,0.4261355165869385,0.0
2019,3,carlos-sainz-jr,lando-norris,0.5436128856730915,1.0
2019,3,george-russell,robert-kubica,0.5663027072530126,1.0
2019,4,lewis-hamilton,valtteri-bottas,0.7179167535274696,0.0
2019,4,charles-leclerc,sebastian-vettel,0.5248232471541247,0.0
2019,4,lance-stroll,sergio-perez,0.3976224522893776,0.0
2019,4,alexander-albon,daniil-kvyat,0.6052867482918535,0.0
2019,4,carlos-sainz-jr,lando-norris,0.5746870600411287,0.0
2019,4,daniel-ricciardo,nico-hulkenberg,0.36684260078996983,1.0
2019,4,kevin-magnussen,romain-grosjean,0.40441135098848024,1.0
2019,4,george-russell,robert-kubica,0.5954680308417515,1.0
2019,5,lewis-hamilton,valtteri-bottas,0.6760731721668173,0.0
2019,5,charles-leclerc,sebastian-vettel,0.4885921464714095,0.0
2019,5,max-verstappen,pierre-gasly,0.7083882599679707,1.0
2019,5,kevin-magnussen,romain-grosjean,0.44459089114189976,0.0
2019,5,alexander-albon,daniil-kvyat,0.5647090155179924,0.0
2019,5,daniel-ricciardo,nico-hulkenberg,0.4083384701367866,1.0
2019,5,carlos-sainz-jr,lando-norris,0.5354923356756973,0.0
2019,5,antonio-giovinazzi,kimi-raikkonen,0.6124664987595987,0.0
2019,5,lance-stroll,sergio-perez,0.3716257555013025,0.0
2019,5,george-russell,robert-kubica,0.6220816646330228,1.0
2019,6,lewis-hamilton,valtteri-bottas,0.6338983867921422,1.0
2019,6,max-verstappen,pierre-gasly,0.7247494778152241,1.0
2019,6,charles-leclerc,sebastian-vettel,0.45496182254244977,0.0
2019,6,kevin-magnussen,romain-grosjean,0.4144994524281479,1.0
2019,6,daniel-ricciardo,nico-hulkenberg,0.4483458979817674,1.0
2019,6,alexander-albon,daniil-kvyat,0.5260416583775028,0.0
2019,6,carlos-sainz-jr,lando-norris,0.49856163364260575,1.0
2019,6,antonio-giovinazzi,kimi-raikkonen,0.5716193669472407,0.0
2019,6,lance-stroll,sergio-perez,0.3479794629631173,0.0
2019,6,george-russell,robert-kubica,0.6463002853923677,1.0
2019,7,charles-leclerc,sebastian-vettel,0.42400519576352647,0.0
2019,7,lewis-hamilton,valtteri-bottas,0.6570409641590572,1.0
2019,7,daniel-ricciardo,nico-hulkenberg,0.48627131824606806,1.0
2019,7,max-verstappen,pierre-gasly,0.7396593746235742,0.0
2019,7,carlos-sainz-jr,lando-norris,0.5331510593369144,0.0
2019,7,kevin-magnussen,romain-grosjean,0.45422461528190033,1.0
2019,7,alexander-albon,daniil-kvyat,0.4897290188985913,0.0
2019,7,antonio-giovinazzi,kimi-raikkonen,0.5325829921443835,1.0
2019,7,lance-stroll,sergio-perez,0.32649454036905146,0.0
2019,7,george-russell,robert-kubica,0.6683089908105445,1.0
2019,8,lewis-hamilton,valtteri-bottas,0.6780660800541035,1.0
2019,8,charles-leclerc,sebastian-vettel,0.39567716863918323,1.0
2019,8,max-verstappen,pierre-gasly,0.6984280347016422,1.0
2019,8,carlos-sainz-jr,lando-norris,0.49637105817386107,0.0
2019,8,daniel-ricciardo,nico-hulkenberg,0.521741268906069,1.0
2019,8,antonio-giovinazzi,kimi-raikkonen,0.5645549282673374,1.0
2019,8,alexander-albon,daniil-kvyat,0.45601230501622153,1.0
2019,8,lance-stroll,sergio-perez,0.3069756620200745,0.0
2019,8,kevin-magnussen,romain-grosjean,0.4917976426615776,1.0
2019,8,george-russell,robert-kubica,0.6883027456091153,1.0
2019,9,charles-leclerc,sebastian-vettel,0.4362170670862691,1.0
2019,9,lewis-hamilton,valtteri-bottas,0.6971688129255469,1.0
2019,9,max-verstappen,pierre-gasly,0.7156836839523197,1.0
2019,9,kevin-magnussen,romain-grosjean,0.5268763518599353,1.0
2019,9,carlos-sainz-jr,lando-norris,0.46215541456641135,0.0
2019,9,antonio-giovinazzi,kimi-raikkonen,0.5938699533606655,0.0
2019,9,daniel-ricciardo,nico-hulkenberg,0.5545736527419797,0.0
2019,9,alexander-albon,daniil-kvyat,0.4934760006801244,1.0
2019,9,lance-stroll,sergio-perez,0.2892319549105462,0.0
2019,9,george-russell,robert-kubica,0.7064742810611758,1.0
2019,10,lewis-hamilton,valtteri-bottas,0.714538032336036,0.0
2019,10,charles-leclerc,sebastian-vettel,0.4748336977956834,1.0
2019,10,max-verstappen,pierre-gasly,0.7313947270612258,1.0
2019,10,daniel-ricciardo,nico-hulkenberg,0.5164773699609689,1.0
2019,10,carlos-sainz-jr,lando-norris,0.4306090511328713,0.0
2019,10,alexander-albon,daniil-kvyat,0.5284343563751607,1.0
2019,10,antonio-giovinazzi,kimi-raikkonen,0.5537649800496864,1.0
2019,10,kevin-magnussen,romain-grosjean,0.5593040405546685,0.0
2019,10,lance-stroll,sergio-perez,0.2730833219248736,0.0
2019,10,george-russell,robert-kubica,0.7230068034988139,1.0
2019,11,lewis-hamilton,valtteri-bottas,0.6726275540006077,1.0
2019,11,max-verstappen,pierre-gasly,0.7457227662568146,1.0
2019,11,antonio-giovinazzi,kimi-raikkonen,0.5839946987657373,0.0
2019,11,kevin-magnussen,romain-grosjean,0.5209369013934261,0.0
2019,11,carlos-sainz-jr,lando-norris,0.40170923063967223,1.0
2019,11,lance-stroll,sergio-perez,0.258363712561958,0.0
2019,11,daniel-ricciardo,nico-hulkenberg,0.5497190467123813,0.0
2019,11,alexander-albon,daniil-kvyat,0.560738234025282,0.0
2019,11,george-russell,robert-kubica,0.7380700691604779,1.0
2019,12,max-verstappen,pierre-gasly,0.7588139796906712,1.0
2019,12,lewis-hamilton,valtteri-bottas,0.6922266111762574,0.0
2019,12,charles-leclerc,sebastian-vettel,0.5110877984994693,1.0
2019,12,carlos-sainz-jr,lando-norris,0.44200359521492627,0.0
2019,12,kevin-magnussen,romain-grosjean,0.4849686357495086,0.0
2019,12,antonio-giovinazzi,kimi-raikkonen,0.5443407612195293,0.0
2019,12,daniel-ricciardo,nico-hulkenberg,0.5119083998664947,0.0
2019,12,alexander-albon,daniil-kvyat,0.5222904596317022,1.0
2019,12,george-russell,robert-kubica,0.7518186951141516,1.0
2019,12,lance-stroll,sergio-perez,0.2449223915337073,0.0
2019,13,charles-leclerc,sebastian-vettel,0.5447424719200542,1.0
2019,13,lewis-hamilton,valtteri-bottas,0.6500548536560918,1.0
2019,13,alexander-albon,max-verstappen,0.2700554866411045,0.0
2019,13,daniel-ricciardo,nico-hulkenberg,0.4765664528591302,1.0
2019,13,antonio-giovinazzi,kimi-raikkonen,0.5068553935276994,0.0
2019,13,lance-stroll,sergio-perez,0.23262396134454327,0.0
2019,13,kevin-magnussen,romain-grosjean,0.4516155403745165,1.0
2019,13,carlos-sainz-jr,lando-norris,0.41213057939181763,0.0
2019,13,daniil-kvyat,pierre-gasly,0.49931805980880417,0.0
2019,14,charles-leclerc,sebastian-vettel,0.5757235141950079,1.0
2019,14,lewis-hamilton,valtteri-bottas,0.6717197938464156,1.0
2019,14,daniel-ricciardo,nico-hulkenberg,0.5127040463943016,1.0
2019,14,carlos-sainz-jr,lando-norris,0.3848433701218001,1.0
2019,14,lance-stroll,sergio-perez,0.22134765817006322,1.0
2019,14,antonio-giovinazzi,kimi-raikkonen,0.4718732181281304,0.0
2019,14,kevin-magnussen,romain-grosjean,0.48934632763254127,1.0
2019,14,daniil-kvyat,pierre-gasly,0.4648842967104503,1.0
2019,14,george-russell,robert-kubica,0.7643918811425611,1.0
2019,15,charles-leclerc,sebastian-vettel,0.6040751353329769,1.0
2019,15,lewis-hamilton,valtteri-bottas,0.6914017783825605,1.0
2019,15,alexander-albon,max-verstappen,0.2556008819975684,0.0
2019,15,carlos-sainz-jr,lando-norris,0.42578571574135965,1.0
2019,15,lance-stroll,sergio-perez,0.26063312353517076,0.0
2019,15,antonio-giovinazzi,kimi-raikkonen,0.43954486108732244,1.0
2019,15,daniil-kvyat,pierre-gasly,0.5017908653349814,0.0
2019,15,kevin-magnussen,romain-grosjean,0.5245995439173037,1.0
2019,15,george-russell,robert-kubica,0.7759139697606408,1.0
2019,16,charles-leclerc,sebastian-vettel,0.629919669697824,1.0
2019,16,lewis-hamilton,valtteri-bottas,0.7092923711104387,1.0
2019,16,alexander-albon,max-verstappen,0.2423965084763701,0.0
2019,16,carlos-sainz-jr,lando-norris,0.46495625873037866,1.0
2019,16,daniel-ricciardo,nico-hulkenberg,0.5462355278507727,0.0
2019,16,kevin-magnussen,romain-grosjean,0.5572073137710407,0.0
2019,16,lance-stroll,sergio-perez,0.24699643115452996,0.0
2019,16,antonio-giovinazzi,kimi-raikkonen,0.47797677420193657,1.0
2019,16,george-russell,robert-kubica,0.7864954623470912,1.0
2019,17,charles-leclerc,sebastian-vettel,0.6534251521001888,0.0
2019,17,lewis-hamilton,valtteri-bottas,0.7255727707274874,0.0
2019,17,alexander-albon,max-verstappen,0.23030994292398027,0.0
2019,17,carlos-sainz-jr,lando-norris,0.5018582114722376,1.0
2019,17,daniil-kvyat,pierre-gasly,0.4671756651841303,0.0
2019,17,antonio-giovinazzi,kimi-raikkonen,0.514018926932554,1.0
2019,17,lance-stroll,sergio-perez,0.2345233212083478,1.0
2019,17,daniel-ricciardo,nico-hulkenberg,0.5086345212090305,0.0
2019,18,alexander-albon,max-verstappen,0.21922320219803523,0.0
2019,18,charles-leclerc,sebastian-vettel,0.6114903449605174,1.0
2019,18,lewis-hamilton,valtteri-bottas,0.6839084297345938,1.0
2019,18,carlos-sainz-jr,lando-norris,0.5362051582912308,1.0
2019,18,daniil-kvyat,pierre-gasly,0.43522313884955993,1.0
2019,18,lance-stroll,sergio-perez,0.2745946298765313,0.0
2019,18,daniel-ricciardo,nico-hulkenberg,0.4735249362615402,0.0
2019,18,antonio-giovinazzi,kimi-raikkonen,0.5474497677702482,0.0
2019,18,kevin-magnussen,romain-grosjean,0.5189593088586004,1.0
2019,18,george-russell,robert-kubica,0.7962342458024535,1.0
2019,19,lewis-hamilton,valtteri-bottas,0.7024791493961295,0.0
2019,19,charles-leclerc,sebastian-vettel,0.636667773150268,0.0
2019,19,alexander-albon,max-verstappen,0.20903160855264358,0.0
2019,19,carlos-sainz-jr,lando-norris,0.5678846605301744,1.0
2019,19,daniel-ricciardo,nico-hulkenberg,0.44106543441137935,1.0
2019,19,daniil-kvyat,pierre-gasly,0.4738942005603975,0.0
2019,19,kevin-magnussen,romain-grosjean,0.5520087183328909,1.0
2019,19,lance-stroll,sergio-perez,0.2597423750213167,1.0
2019,19,antonio-giovinazzi,kimi-raikkonen,0.5097752494642347,1.0
2019,19,george-russell,robert-kubica,0.8052168779009109,1.0
2019,20,alexander-albon,max-verstappen,0.19964252217585454,0.0
2019,20,charles-leclerc,sebastian-vettel,0.5950814912329556,0.0
2019,20,lewis-hamilton,valtteri-bottas,0.6603892330490062,1.0
2019,20,daniil-kvyat,pierre-gasly,0.4414054521112891,0.0
2019,20,kevin-magnussen,romain-grosjean,0.5823856928191654,0.0
2019,20,antonio-giovinazzi,kimi-raikkonen,0.5435295441613954,0.0
2019,20,daniel-ricciardo,nico-hulkenberg,0.47941168765868025,1.0
2019,20,lance-stroll,sergio-perez,0.3009522889542687,0.0
2019,20,george-russell,robert-kubica,0.8135198419631487,1.0
2019,21,lewis-hamilton,valtteri-bottas,0.6811077341052494,1.0
2019,21,alexander-albon,max-verstappen,0.19097406139937362,0.0
2019,21,charles-leclerc,sebastian-vettel,0.5549238311749213,1.0
2019,21,carlos-sainz-jr,lando-norris,0.5969141355813515,0.0
2019,21,daniel-ricciardo,nico-hulkenberg,0.5153561755434252,1.0
2019,21,lance-stroll,sergio-perez,0.2837524909477521,0.0
2019,21,daniil-kvyat,pierre-gasly,0.41158307220089574,0.0
2019,21,kevin-magnussen,romain-grosjean,0.5428088160136741,1.0
2019,21,antonio-giovinazzi,kimi-raikkonen,0.5060940287124682,1.0
2019,21,george-russell,robert-kubica,0.8212107219705762,1.0
2020,1,lewis-hamilton,valtteri-bottas,0.6999333210105031,0.0
2020,1,alexander-albon,max-verstappen,0.18295387951931033,0.0
2020,1,carlos-sainz-jr,lando-norris,0.5566779002667026,0.0
2020,1,lance-stroll,sergio-perez,0.2680915024475537,0.0
2020,1,charles-leclerc,sebastian-vettel,0.5850561267706847,1.0
2020,1,daniel-ricciardo,esteban-ocon,0.57347519524158,1.0
2020,1,daniil-kvyat,pierre-gasly,0.38434421160663973,0.0
2020,1,kevin-magnussen,romain-grosjean,0.5739491536273168,0.0
2020,1,george-russell,nicholas-latifi,0.6871839238519296,1.0
2020,1,antonio-giovinazzi,kimi-raikkonen,0.540125671736695,1.0
2020,2,lewis-hamilton,valtteri-bottas,0.6578171220806203,1.0
2020,2,alexander-albon,max-verstappen,0.1755180341268134,0.0
2020,2,carlos-sainz-jr,lando-norris,0.5184602091254558,1.0
2020,2,daniel-ricciardo,esteban-ocon,0.60202201359271,0.0
2020,2,daniil-kvyat,pierre-gasly,0.35954311199850497,0.0
2020,2,charles-leclerc,sebastian-vettel,0.6125912916460263,0.0
2020,2,george-russell,nicholas-latifi,0.7054570070511681,1.0
2020,2,lance-stroll,sergio-perez,0.25380824448351097,1.0
2020,2,kevin-magnussen,romain-grosjean,0.534792207080172,1.0
2020,2,antonio-giovinazzi,kimi-raikkonen,0.5714859954839564,0.0
2020,3,lewis-hamilton,valtteri-bottas,0.6787711560089976,1.0
2020,3,lance-stroll,sergio-perez,0.29479191688814027,1.0
2020,3,charles-leclerc,sebastian-vettel,0.5717396731808994,0.0
2020,3,alexander-albon,max-verstappen,0.16860996428297134,0.0
2020,3,carlos-sainz-jr,lando-norris,0.5515483855092523,0.0
2020,3,daniil-kvyat,pierre-gasly,0.33699975636142,0.0
2020,3,daniel-ricciardo,esteban-ocon,0.5615739936607035,1.0
2020,3,george-russell,nicholas-latifi,0.7220806931618946,1.0
2020,3,kevin-magnussen,romain-grosjean,0.5665860681933721,1.0
2020,3,antonio-giovinazzi,kimi-raikkonen,0.5324565822209246,1.0
2020,4,lewis-hamilton,valtteri-bottas,0.6978096141074548,1.0
2020,4,alexander-albon,max-verstappen,0.16217957851863385,0.0
2020,4,charles-leclerc,sebastian-vettel,0.53269702428475,1.0
2020,4,carlos-sainz-jr,lando-norris,0.5136292043107418,0.0
2020,4,lance-stroll,nico-hulkenberg,0.22238255227438836,1.0
2020,4,daniel-ricciardo,esteban-ocon,0.5911433824265757,1.0
2020,4,daniil-kvyat,pierre-gasly,0.316520289829033,0.0
2020,4,george-russell,nicholas-latifi,0.7372255899661292,1.0
2020,4,kevin-magnussen,romain-grosjean,0.5957270827520202,1.0
2020,4,antonio-giovinazzi,kimi-raikkonen,0.5644386804460775,1.0
2020,5,lewis-hamilton,valtteri-bottas,0.7151210264217391,0.0
2020,5,lance-stroll,nico-hulkenberg,0.2617346821146846,0.0
2020,5,alexander-albon,max-verstappen,0.156182449583141,0.0
2020,5,daniel-ricciardo,esteban-ocon,0.6181410409825202,1.0
2020,5,daniil-kvyat,pierre-gasly,0.2979105775389127,0.0
2020,5,charles-leclerc,sebastian-vettel,0.5646597908114627,1.0
2020,5,carlos-sainz-jr,lando-norris,0.4781662267788493,0.0
2020,5,kevin-magnussen,romain-grosjean,0.6223176592988283,0.0
2020,5,george-russell,nicholas-latifi,0.7510472193832884,1.0
2020,5,antonio-giovinazzi,kimi-raikkonen,0.5937636478401064,1.0
2020,6,lewis-hamilton,valtteri-bottas,0.6732215639821216,1.0
2020,6,alexander-albon,max-verstappen,0.15057910815736786,0.0
2020,6,lance-stroll,sergio-perez,0.3529504631677048,0.0
2020,6,carlos-sainz-jr,lando-norris,0.4453410865295821,1.0
2020,6,charles-leclerc,sebastian-vettel,0.5939658457773042,1.0
2020,6,daniil-kvyat,pierre-gasly,0.2809845526729922,0.0
2020,6,daniel-ricciardo,esteban-ocon,0.6427171243157995,1.0
2020,6,antonio-giovinazzi,kimi-raikkonen,0.6205288333543564,0.0
2020,6,kevin-magnussen,romain-grosjean,0.5811374476625107,1.0
2020,6,george-russell,nicholas-latifi,0.7636856746753988,1.0
2020,7,lewis-hamilton,valtteri-bottas,0.6927663680813626,1.0
2020,7,alexander-albon,max-verstappen,0.14533442610423425,0.0
2020,7,daniel-ricciardo,esteban-ocon,0.6650537439928857,1.0
2020,7,carlos-sainz-jr,lando-norris,0.4834423170606351,1.0
2020,7,lance-stroll,sergio-perez,0.33101034757361175,0.0
2020,7,daniil-kvyat,pierre-gasly,0.26556886501489646,1.0
2020,7,charles-leclerc,sebastian-vettel,0.6207130657538135,1.0
2020,7,george-russell,nicholas-latifi,0.7752661434900814,1.0
2020,7,antonio-giovinazzi,kimi-raikkonen,0.5794058924832239,0.0
2020,7,kevin-magnussen,romain-grosjean,0.6090166119014542,0.0
2020,8,lewis-hamilton,valtteri-bottas,0.7105334185369406,1.0
2020,8,carlos-sainz-jr,lando-norris,0.5191094886400094,1.0
2020,8,lance-stroll,sergio-perez,0.3110788308936465,0.0
2020,8,alexander-albon,max-verstappen,0.1404170794235579,0.0
2020,8,daniel-ricciardo,esteban-ocon,0.6853452752594351,1.0
2020,8,daniil-kvyat,pierre-gasly,0.3069768160939676,0.0
2020,8,charles-leclerc,sebastian-vettel,0.6450559246398004,1.0
2020,8,antonio-giovinazzi,kimi-raikkonen,0.5399743121595879,0.0
2020,8,kevin-magnussen,romain-grosjean,0.5682961769151544,1.0
2020,8,george-russell,nicholas-latifi,0.78589990515269,1.0
2020,9,lewis-hamilton,valtteri-bottas,0.7267029898687857,1.0
2020,9,alexander-albon,max-verstappen,0.13579908137791055,0.0
2020,9,charles-leclerc,sebastian-vettel,0.6671785291707946,1.0
2020,9,lance-stroll,sergio-perez,0.29296339859625176,0.0
2020,9,daniel-ricciardo,esteban-ocon,0.703785371221533,1.0
2020,9,carlos-sainz-jr,lando-norris,0.55214722298271,1.0
2020,9,daniil-kvyat,pierre-gasly,0.2892330045623312,1.0
2020,9,antonio-giovinazzi,kimi-raikkonen,0.5027596772473741,0.0
2020,9,kevin-magnussen,romain-grosjean,0.5972902596565923,0.0
2020,9,george-russell,nicholas-latifi,0.7956855499245874,1.0
2020,10,lewis-hamilton,valtteri-bottas,0.7414413395667585,1.0
2020,10,alexander-albon,max-verstappen,0.13145537692947176,0.0
2020,10,lance-stroll,sergio-perez,0.2764812346646623,0.0
2020,10,daniel-ricciardo,esteban-ocon,0.7205590315114829,1.0
2020,10,carlos-sainz-jr,lando-norris,0.5825126016573093,1.0
2020,10,daniil-kvyat,pierre-gasly,0.3312094723675951,0.0
2020,10,charles-leclerc,sebastian-vettel,0.6872756716894897,1.0
2020,10,george-russell,nicholas-latifi,0.8047102638693523,1.0
2020,10,kevin-magnussen,romain-grosjean,0.5570380658206667,0.0
2020,10,antonio-giovinazzi,kimi-raikkonen,0.4680737926854066,1.0
2020,11,lewis-hamilton,valtteri-bottas,0.7548994175296543,0.0
2020,11,alexander-albon,max-verstappen,0.12736349047040274,0.0
2020,11,charles-leclerc,sebastian-vettel,0.705540425249181,1.0
2020,11,daniel-ricciardo,esteban-ocon,0.7358382401766479,1.0
2020,11,carlos-sainz-jr,lando-norris,0.6102712366287251,0.0
2020,11,nico-hulkenberg,sergio-perez,0.5712750639047854,0.0
2020,11,daniil-kvyat,pierre-gasly,0.3112597491970355,0.0
2020,11,antonio-giovinazzi,kimi-raikkonen,0.5047743126819941,1.0
2020,11,kevin-magnussen,romain-grosjean,0.5187997417301737,1.0
2020,11,george-russell,nicholas-latifi,0.8130510869814878,1.0
2020,12,lewis-hamilton,valtteri-bottas,0.7142936126349332,1.0
2020,12,alexander-albon,max-verstappen,0.12350321971899664,0.0
2020,12,charles-leclerc,sebastian-vettel,0.7221566328133229,1.0
2020,12,lance-stroll,sergio-perez,0.2465119502137454,0.0
2020,12,carlos-sainz-jr,lando-norris,0.5695041327340806,1.0
2020,12,daniil-kvyat,pierre-gasly,0.29312790606836203,0.0
2020,12,daniel-ricciardo,esteban-ocon,0.7497799929561377,1.0
2020,12,george-russell,nicholas-latifi,0.820776093796625,1.0
2020,12,antonio-giovinazzi,kimi-raikkonen,0.5389046366787543,0.0
2020,12,kevin-magnussen,romain-grosjean,0.5518615509948047,0.0
2020,13,lewis-hamilton,valtteri-bottas,0.7301281847470504,0.0
2020,13,alexander-albon,max-verstappen,0.11985636952102685,0.0
2020,13,daniil-kvyat,pierre-gasly,0.27663101223957776,0.0
2020,13,daniel-ricciardo,esteban-ocon,0.7625258446787575,1.0
2020,13,charles-leclerc,sebastian-vettel,0.7372948327305013,1.0
2020,13,carlos-sainz-jr,lando-norris,0.5983941990517427,0.0
2020,13,lance-stroll,sergio-perez,0.2340797011111921,0.0
2020,13,george-russell,nicholas-latifi,0.8279454719653265,1.0
2020,13,kevin-magnussen,romain-grosjean,0.5139238982692261,0.0
2020,13,antonio-giovinazzi,kimi-raikkonen,0.5017572156263216,0.0
2020,14,lance-stroll,sergio-perez,0.22268368268621502,1.0
2020,14,alexander-albon,max-verstappen,0.11640652010324953,0.0
2020,14,daniel-ricciardo,esteban-ocon,0.7742023691257756,1.0
2020,14,lewis-hamilton,valtteri-bottas,0.6885890343544251,1.0
2020,14,antonio-giovinazzi,kimi-raikkonen,0.4671444746255302,0.0
2020,14,carlos-sainz-jr,lando-norris,0.5580954982358411,0.0
2020,14,charles-leclerc,sebastian-vettel,0.7511104729441407,0.0
2020,14,daniil-kvyat,pierre-gasly,0.2615996473010921,0.0
2020,14,kevin-magnussen,romain-grosjean,0.4784402708978026,1.0
2020,14,george-russell,nicholas-latifi,0.8346124903560336,1.0
2020,15,lewis-hamilton,valtteri-bottas,0.7067345953829436,1.0
2020,15,alexander-albon,max-verstappen,0.1131388250568195,0.0
2020,15,lance-stroll,sergio-perez,0.2620550501521023,0.0
2020,15,daniel-ricciardo,esteban-ocon,0.7849221237491437,1.0
2020,15,daniil-kvyat,pierre-gasly,0.2478795496302025,0.0
2020,15,carlos-sainz-jr,lando-norris,0.5197968471432789,0.0
2020,15,charles-leclerc,sebastian-vettel,0.7103334589044983,0.0
2020,15,george-russell,nicholas-latifi,0.8408243577025865,1.0
2020,15,antonio-giovinazzi,kimi-raikkonen,0.43519445755411107,1.0
2020,15,kevin-magnussen,romain-grosjean,0.5144509380494857,1.0
2020,16,george-russell,valtteri-bottas,0.7955707995271118,0.0
2020,16,alexander-albon,max-verstappen,0.11003983497738914,0.0
2020,16,charles-leclerc,sebastian-vettel,0.6683499859566346,1.0
2020,16,lance-stroll,sergio-perez,0.2482956134613604,0.0
2020,16,daniil-kvyat,pierre-gasly,0.2353318696490422,1.0
2020,16,daniel-ricciardo,esteban-ocon,0.7947848557197496,1.0
2020,16,carlos-sainz-jr,lando-norris,0.4839064687761607,1.0
2020,16,antonio-giovinazzi,kimi-raikkonen,0.47386708486684054,1.0
2020,16,kevin-magnussen,pietro-fittipaldi,0.5637968633163178,1.0
2020,16,jack-aitken,nicholas-latifi,0.6131766418331593,0.0
2020,17,alexander-albon,max-verstappen,0.10709734325758254,0.0
2020,17,lewis-hamilton,valtteri-bottas,0.700713384265181,0.0
2020,17,carlos-sainz-jr,lando-norris,0.5195414270231674,0.0
2020,17,daniil-kvyat,pierre-gasly,0.27544701975318214,1.0
2020,17,lance-stroll,sergio-perez,0.23571276198765687,1.0
2020,17,charles-leclerc,sebastian-vettel,0.6883399919784994,1.0
2020,17,daniel-ricciardo,esteban-ocon,0.8038787853306123,0.0
2020,17,antonio-giovinazzi,kimi-raikkonen,0.5101858146984976,1.0
2020,17,kevin-magnussen,pietro-fittipaldi,0.5931766901454633,1.0
2020,17,george-russell,nicholas-latifi,0.8196134430851975,1.0
2021,1,max-verstappen,sergio-perez,0.8406155861574914,1.0
2021,1,lewis-hamilton,valtteri-bottas,0.6586048158312505,1.0
2021,1,carlos-sainz-jr,charles-leclerc,0.308201682852034,0.0
2021,1,pierre-gasly,yuki-tsunoda,0.5452736572721427,1.0
2021,1,daniel-ricciardo,lando-norris,0.6892346546212171,1.0
2021,1,esteban-ocon,fernando-alonso,0.14791949495719653,0.0
2021,1,lance-stroll,sebastian-vettel,0.2630021280583567,1.0
2021,1,antonio-giovinazzi,kimi-raikkonen,0.5439089888167795,1.0
2021,1,george-russell,nicholas-latifi,0.8268655118173197,1.0
2021,1,mick-schumacher,nikita-mazepin,0.5,1.0
2021,2,lewis-hamilton,valtteri-bottas,0.6794867144624187,1.0
2021,2,max-verstappen,sergio-perez,0.8464279212691752,0.0
2021,2,carlos-sainz-jr,charles-leclerc,0.29034700121516566,0.0
2021,2,daniel-ricciardo,lando-norris,0.7073216550861047,1.0
2021,2,esteban-ocon,fernando-alonso,0.14284183292030836,1.0
2021,2,lance-stroll,sebastian-vettel,0.3043257504060986,1.0
2021,2,george-russell,nicholas-latifi,0.8336073603774599,1.0
2021,2,antonio-giovinazzi,kimi-raikkonen,0.5749587707516519,0.0
2021,2,mick-schumacher,nikita-mazepin,0.5344839447268315,1.0
2021,3,lewis-hamilton,valtteri-bottas,0.6984599605942383,0.0
2021,3,max-verstappen,sergio-perez,0.8135096579318148,1.0
2021,3,carlos-sainz-jr,charles-leclerc,0.27409881949731624,1.0
2021,3,esteban-ocon,fernando-alonso,0.17435910227261828,1.0
2021,3,daniel-ricciardo,lando-norris,0.7237783004929322,0.0
2021,3,pierre-gasly,yuki-tsunoda,0.5762108308226546,1.0
2021,3,lance-stroll,sebastian-vettel,0.3464770780072421,0.0
2021,3,george-russell,nicholas-latifi,0.8398870872194764,1.0
2021,3,antonio-giovinazzi,kimi-raikkonen,0.5357501859185116,1.0
2021,3,mick-schumacher,nikita-mazepin,0.5663027072530126,1.0
2021,4,lewis-hamilton,valtteri-bottas,0.6563303634292004,1.0
2021,4,max-verstappen,sergio-perez,0.8212012788123428,1.0
2021,4,carlos-sainz-jr,charles-leclerc,0.31575460215610585,0.0
2021,4,esteban-ocon,fernando-alonso,0.20967095656623483,1.0
2021,4,daniel-ricciardo,lando-norris,0.68206846777377,1.0
2021,4,lance-stroll,sebastian-vettel,0.3251297538354931,1.0
2021,4,pierre-gasly,yuki-tsunoda,0.6045200639642763,1.0
2021,4,antonio-giovinazzi,kimi-raikkonen,0.5674665513034477,1.0
2021,4,george-russell,nicholas-latifi,0.8457473751190493,1.0
2021,4,mick-schumacher,nikita-mazepin,0.5954680308417515,1.0
2021,5,carlos-sainz-jr,charles-leclerc,0.29721452455983566,0.0
2021,5,max-verstappen,sergio-perez,0.8283405008664441,1.0
2021,5,lewis-hamilton,valtteri-bottas,0.6774205595426527,0.0
2021,5,daniel-ricciardo,lando-norris,0.7008065898835542,0.0
2021,5,pierre-gasly,yuki-tsunoda,0.6303246811723154,1.0
2021,5,lance-stroll,sebastian-vettel,0.36729880650823804,0.0
2021,5,antonio-giovinazzi,kimi-raikkonen,0.5965319630416362,1.0
2021,5,esteban-ocon,fernando-alonso,0.24814430546586996,1.0
2021,5,george-russell,nicholas-latifi,0.8512261662043672,1.0
2021,6,carlos-sainz-jr,charles-leclerc,0.2803510583384233,0.0
2021,6,lewis-hamilton,valtteri-bottas,0.6352403157424618,1.0
2021,6,max-verstappen,sergio-perez,0.8349802236221641,1.0
2021,6,pierre-gasly,yuki-tsunoda,0.6537932466582151,1.0
2021,6,daniel-ricciardo,lando-norris,0.6586989581059027,0.0
2021,6,esteban-ocon,fernando-alonso,0.28888847697835235,0.0
2021,6,george-russell,nicholas-latifi,0.8563572507604247,1.0
2021,6,mick-schumacher,nikita-mazepin,0.6220816646330228,1.0
2021,7,max-verstappen,sergio-perez,0.841167332461149,1.0
2021,7,lewis-hamilton,valtteri-bottas,0.6582603799875087,1.0
2021,7,carlos-sainz-jr,charles-leclerc,0.2649914102474043,1.0
2021,7,daniel-ricciardo,lando-norris,0.6166838662595328,0.0
2021,7,esteban-ocon,fernando-alonso,0.2727704880577815,0.0
2021,7,antonio-giovinazzi,kimi-raikkonen,0.6230508626533275,1.0
2021,7,george-russell,nicholas-latifi,0.8611707795980807,1.0
2021,7,mick-schumacher,nikita-mazepin,0.6463002853923677,1.0
2021,8,max-verstappen,sergio-perez,0.8469434483760315,1.0
2021,8,lewis-hamilton,valtteri-bottas,0.6791738208759324,0.0
2021,8,daniel-ricciardo,lando-norris,0.5756888779530208,0.0
2021,8,pierre-gasly,yuki-tsunoda,0.6751158122418429,1.0
2021,8,carlos-sainz-jr,charles-leclerc,0.3063807868417603,0.0
2021,8,esteban-ocon,fernando-alonso,0.25807830518534797,0.0
2021,8,lance-stroll,sebastian-vettel,0.34404697613689517,1.0
2021,8,george-russell,nicholas-latifi,0.8656937093238078,1.0
2021,8,antonio-giovinazzi,kimi-raikkonen,0.6471814470894826,1.0
2021,8,mick-schumacher,nikita-mazepin,0.6683089908105445,1.0
2021,9,max-verstappen,sergio-perez,0.8523455838351882,1.0
2021,9,daniel-ricciardo,lando-norris,0.5364431827423807,0.0
2021,9,lewis-hamilton,valtteri-bottas,0.636988005643223,1.0
2021,9,pierre-gasly,yuki-tsunoda,0.6944876752004576,1.0
2021,9,lance-stroll,sebastian-vettel,0.3860220670578128,0.0
2021,9,george-russell,nicholas-latifi,0.8699501890977708,1.0
2021,9,carlos-sainz-jr,charles-leclerc,0.288690894603501,1.0
2021,9,esteban-ocon,fernando-alonso,0.24466150774763615,0.0
2021,9,antonio-giovinazzi,kimi-raikkonen,0.6691094863770661,1.0
2021,9,mick-schumacher,nikita-mazepin,0.6883027456091153,1.0
2021,10,lewis-hamilton,valtteri-bottas,0.6598484358354674,1.0
2021,10,max-verstappen,sergio-perez,0.8574067145185496,1.0
2021,10,carlos-sainz-jr,charles-leclerc,0.33065843488513535,0.0
2021,10,daniel-ricciardo,lando-norris,0.49945174102850626,0.0
2021,10,george-russell,nicholas-latifi,0.8739618965989218,1.0
2021,10,lance-stroll,sebastian-vettel,0.3610692540839431,0.0
2021,10,esteban-ocon,fernando-alonso,0.2323850044300954,0.0
2021,10,pierre-gasly,yuki-tsunoda,0.7120990398203345,1.0
2021,10,antonio-giovinazzi,kimi-raikkonen,0.6890300467451408,1.0
2021,10,mick-schumacher,nikita-mazepin,0.7064742810611758,1.0
2021,11,lewis-hamilton,valtteri-bottas,0.6806164546240058,1.0
2021,11,max-verstappen,sergio-perez,0.8621562766553338,1.0
2021,11,pierre-gasly,yuki-tsunoda,0.7281289809509527,1.0
2021,11,daniel-ricciardo,lando-norris,0.46500813209494113,0.0
2021,11,carlos-sainz-jr,charles-leclerc,0.31075909237556354,0.0
2021,11,esteban-ocon,fernando-alonso,0.22112831838491634,1.0
2021,11,lance-stroll,sebastian-vettel,0.3383863664028503,0.0
2021,11,antonio-giovinazzi,kimi-raikkonen,0.7071356037206715,0.0
2021,11,george-russell,nicholas-latifi,0.8777483300278274,1.0
2021,12,max-verstappen,sergio-perez,0.8666205991578245,1.0
2021,12,george-russell,nicholas-latifi,0.8813270621279244,1.0
2021,12,lewis-hamilton,valtteri-bottas,0.6994867816316594,1.0
2021,12,daniel-ricciardo,lando-norris,0.4332304088084777,1.0
2021,12,lance-stroll,sebastian-vettel,0.3177799667571552,0.0
2021,12,pierre-gasly,yuki-tsunoda,0.742742365442329,1.0
2021,12,esteban-ocon,fernando-alonso,0.2603995448704086,1.0
2021,12,carlos-sainz-jr,charles-leclerc,0.29267265898055045,0.0
2021,12,antonio-giovinazzi,kimi-raikkonen,0.665104130751832,1.0
2021,12,mick-schumacher,nikita-mazepin,0.7230068034988139,1.0
2021,13,max-verstappen,sergio-perez,0.8708232789598096,1.0
2021,13,lewis-hamilton,valtteri-bottas,0.7166470217080417,1.0
2021,13,pierre-gasly,yuki-tsunoda,0.756088705949903,1.0
2021,13,carlos-sainz-jr,charles-leclerc,0.27621652252407397,0.0
2021,13,antonio-giovinazzi,robert-kubica,0.6528913804557572,1.0
2021,13,esteban-ocon,fernando-alonso,0.30163298136256833,1.0
2021,13,daniel-ricciardo,lando-norris,0.4720095638186191,1.0
2021,13,george-russell,nicholas-latifi,0.8847139614230483,1.0
2021,13,lance-stroll,sebastian-vettel,0.2990556396771037,1.0
2021,13,mick-schumacher,nikita-mazepin,0.7380700691604779,1.0
2021,14,lewis-hamilton,valtteri-bottas,0.7322725603731174,0.0
2021,14,max-verstappen,sergio-perez,0.8747855070886205,1.0
2021,14,daniel-ricciardo,lando-norris,0.5084517514859195,0.0
2021,14,pierre-gasly,yuki-tsunoda,0.7683022119582535,1.0
2021,14,carlos-sainz-jr,charles-leclerc,0.26122164883588306,1.0
2021,14,antonio-giovinazzi,robert-kubica,0.6742965460529834,1.0
2021,14,lance-stroll,sebastian-vettel,0.34116187719285707,0.0
2021,14,esteban-ocon,fernando-alonso,0.34376337937323376,0.0
2021,14,george-russell,nicholas-latifi,0.8879233851656736,1.0
2021,14,mick-schumacher,nikita-mazepin,0.7518186951141516,1.0
2021,15,daniel-ricciardo,lando-norris,0.47335521869995684,0.0
2021,15,carlos-sainz-jr,charles-leclerc,0.302484084857909,1.0
2021,15,george-russell,nicholas-latifi,0.8909683478687118,1.0
2021,15,lewis-hamilton,valtteri-bottas,0.6907972089145578,1.0
2021,15,esteban-ocon,fernando-alonso,0.3226645977245939,0.0
2021,15,lance-stroll,sebastian-vettel,0.3203013435985186,1.0
2021,15,max-verstappen,sergio-perez,0.878526352116191,0.0
2021,15,pierre-gasly,yuki-tsunoda,0.7795025347486407,1.0
2021,15,antonio-giovinazzi,kimi-raikkonen,0.7050809156769432,0.0
2021,15,mick-schumacher,nikita-mazepin,0.7643918811425611,1.0
2021,16,lewis-hamilton,valtteri-bottas,0.7087425688577793,1.0
2021,16,max-verstappen,sergio-perez,0.8501531519639591,1.0
2021,16,carlos-sainz-jr,charles-leclerc,0.34462157250255593,0.0
2021,16,pierre-gasly,yuki-tsunoda,0.7897958747503708,1.0
2021,16,esteban-ocon,fernando-alonso,0.3034952377934413,0.0
2021,16,daniel-ricciardo,lando-norris,0.4409091678169993,0.0
2021,16,lance-stroll,sebastian-vettel,0.36248848833631336,1.0
2021,16,george-russell,nicholas-latifi,0.8938606687506537,1.0
2021,16,mick-schumacher,nikita-mazepin,0.7759139697606408,1.0
2021,16,antonio-giovinazzi,kimi-raikkonen,0.6630219909377488,1.0
2021,17,max-verstappen,sergio-perez,0.855351640154568,1.0
2021,17,lewis-hamilton,valtteri-bottas,0.7250721072783731,1.0
2021,17,carlos-sainz-jr,charles-leclerc,0.32344419134748853,0.0
2021,17,daniel-ricciardo,lando-norris,0.41112884030465746,1.0
2021,17,pierre-gasly,yuki-tsunoda,0.7992762407341736,1.0
2021,17,esteban-ocon,fernando-alonso,0.2860660864524517,1.0
2021,17,lance-stroll,sebastian-vettel,0.40409562200539473,0.0
2021,17,antonio-giovinazzi,kimi-raikkonen,0.6834994668635352,1.0
2021,17,george-russell,nicholas-latifi,0.8966111009531997,1.0
2021,17,mick-schumacher,nikita-mazepin,0.7864954623470912,1.0
2021,18,lewis-hamilton,valtteri-bottas,0.7399536447225015,0.0
2021,18,max-verstappen,sergio-perez,0.8602267782704673,1.0
2021,18,pierre-gasly,yuki-tsunoda,0.8080267325667443,1.0
2021,18,carlos-sainz-jr,charles-leclerc,0.30420372391963385,1.0
2021,18,daniel-ricciardo,lando-norris,0.45101026209476996,1.0
2021,18,lance-stroll,sebastian-vettel,0.3775208292508131,0.0
2021,18,antonio-giovinazzi,kimi-raikkonen,0.7021073820803009,0.0
2021,18,george-russell,nicholas-latifi,0.8992294449848965,1.0
2021,18,esteban-ocon,fernando-alonso,0.327987748995777,1.0
2021,18,mick-schumacher,nikita-mazepin,0.7962342458024535,1.0
2021,19,max-verstappen,sergio-perez,0.8648061325495842,1.0
2021,19,pierre-gasly,yuki-tsunoda,0.8161207735462918,1.0
2021,19,carlos-sainz-jr,charles-leclerc,0.34635419781912147,1.0
2021,19,daniel-ricciardo,lando-norris,0.48877733888679176,0.0
2021,19,esteban-ocon,fernando-alonso,0.3701399517503947,0.0
2021,19,lance-stroll,sebastian-vettel,0.35333831023914786,0.0
2021,19,antonio-giovinazzi,kimi-raikkonen,0.6600133792353307,0.0
2021,19,george-russell,nicholas-latifi,0.901724648496083,0.0
2021,19,mick-schumacher,nikita-mazepin,0.8052168779009109,1.0
2021,20,lewis-hamilton,valtteri-bottas,0.6987328124880392,1.0
2021,20,max-verstappen,sergio-perez,0.8691143883087529,1.0
2021,20,pierre-gasly,yuki-tsunoda,0.8236232532329638,1.0
2021,20,esteban-ocon,fernando-alonso,0.34662903533812245,0.0
2021,20,daniel-ricciardo,lando-norris,0.455132922945813,0.0
2021,20,carlos-sainz-jr,charles-leclerc,0.38829265244472266,1.0
2021,20,lance-stroll,sebastian-vettel,0.3313626885867795,0.0
2021,20,george-russell,nicholas-latifi,0.877329445563397,1.0
2021,20,antonio-giovinazzi,kimi-raikkonen,0.6179805365730731,0.0
2021,20,mick-schumacher,nikita-mazepin,0.8135198419631487,1.0
2021,21,lewis-hamilton,valtteri-bottas,0.7159609890521446,1.0
2021,21,max-verstappen,sergio-perez,0.8731736955480334,1.0
2021,21,carlos-sainz-jr,charles-leclerc,0.4291123451399539,0.0
2021,21,pierre-gasly,yuki-tsunoda,0.8305915634863215,1.0
2021,21,daniel-ricciardo,lando-norris,0.42416216716090455,0.0
2021,21,esteban-ocon,fernando-alonso,0.32526779368565256,1.0
2021,21,antonio-giovinazzi,kimi-raikkonen,0.5769416620624267,1.0
2021,21,george-russell,nicholas-latifi,0.8809309172060414,1.0
2021,21,lance-stroll,sebastian-vettel,0.31139895588656735,0.0
2021,21,mick-schumacher,nikita-mazepin,0.8212107219705762,1.0
2021,22,max-verstappen,sergio-perez,0.8770039692889334,1.0
2021,22,lewis-hamilton,valtteri-bottas,0.7316474102644576,1.0
2021,22,daniel-ricciardo,lando-norris,0.39582048722000773,0.0
2021,22,carlos-sainz-jr,charles-leclerc,0.40034164251247967,1.0
2021,22,pierre-gasly,yuki-tsunoda,0.8370765235800249,0.0
2021,22,esteban-ocon,fernando-alonso,0.36743613682423326,1.0
2021,22,lance-stroll,sebastian-vettel,0.29325448438961077,1.0
2021,22,antonio-giovinazzi,kimi-raikkonen,0.6051872733643098,1.0
2021,22,george-russell,nicholas-latifi,0.8843388348413429,0.0
2021,22,mick-schumacher,nikita-mazepin,0.8283492747844877,1.0
2022,1,carlos-sainz-jr,charles-leclerc,0.44069298936806867,0.0
2022,1,max-verstappen,sergio-perez,0.8806231507934454,1.0
2022,1,george-russell,lewis-hamilton,0.5776512221915673,0.0
2022,1,guanyu-zhou,valtteri-bottas,0.5285884433990445,0.0
2022,1,kevin-magnussen,mick-schumacher,0.3923018750466435,1.0
2022,1,esteban-ocon,fernando-alonso,0.40891613998649357,0.0
2022,1,pierre-gasly,yuki-tsunoda,0.8030302278190842,1.0
2022,1,daniel-ricciardo,lando-norris,0.36998531583434663,0.0
2022,1,alexander-albon,nicholas-latifi,0.4884991856363539,1.0
2022,1,lance-stroll,nico-hulkenberg,0.26945387147803646,0.0
2022,2,max-verstappen,sergio-perez,0.8840474350130292,0.0
2022,2,carlos-sainz-jr,charles-leclerc,0.4109309907364055,0.0
2022,2,esteban-ocon,fernando-alonso,0.38191320799838,1.0
2022,2,george-russell,lewis-hamilton,0.5383067544049597,1.0
2022,2,guanyu-zhou,valtteri-bottas,0.4921067181007241,0.0
2022,2,kevin-magnussen,mick-schumacher,0.43297254032213633,1.0
2022,2,daniel-ricciardo,lando-norris,0.3464884934954939,0.0
2022,2,lance-stroll,nico-hulkenberg,0.25505180085524815,1.0
2022,2,alexander-albon,nicholas-latifi,0.523812353660524,1.0
2022,3,carlos-sainz-jr,charles-leclerc,0.3837497521761856,0.0
2022,3,max-verstappen,sergio-perez,0.8565662246899477,1.0
2022,3,daniel-ricciardo,lando-norris,0.3251401237999558,0.0
2022,3,george-russell,lewis-hamilton,0.5698154984204961,0.0
2022,3,esteban-ocon,fernando-alonso,0.4229556456820707,1.0
2022,3,pierre-gasly,yuki-tsunoda,0.8114970109715582,1.0
2022,3,guanyu-zhou,valtteri-bottas,0.458210252263934,0.0
2022,3,kevin-magnussen,mick-schumacher,0.4717655815690055,0.0
2022,4,max-verstappen,sergio-perez,0.8613669893198969,1.0
2022,4,carlos-sainz-jr,charles-leclerc,0.35900244363214473,0.0
2022,4,daniel-ricciardo,lando-norris,0.3057449006106006,0.0
2022,4,kevin-magnussen,mick-schumacher,0.4394457890885003,1.0
2022,4,esteban-ocon,fernando-alonso,0.46226971904978986,0.0
2022,4,guanyu-zhou,valtteri-bottas,0.42698621771684336,0.0
2022,4,lance-stroll,sebastian-vettel,0.35008698007673705,0.0
2022,4,george-russell,lewis-hamilton,0.5308738193882521,1.0
2022,4,pierre-gasly,yuki-tsunoda,0.8193355318008693,0.0
2022,5,carlos-sainz-jr,charles-leclerc,0.3365085320575428,0.0
2022,5,max-verstappen,sergio-perez,0.865878226225965,1.0
2022,5,guanyu-zhou,valtteri-bottas,0.39839941551508373,0.0
2022,5,george-russell,lewis-hamilton,0.5629829036337559,0.0
2022,5,pierre-gasly,yuki-tsunoda,0.7833779877538714,1.0
2022,5,daniel-ricciardo,lando-norris,0.28811251049985726,0.0
2022,5,lance-stroll,sebastian-vettel,0.32840905155859,1.0
2022,5,kevin-magnussen,mick-schumacher,0.4778832561181553,0.0
2022,5,alexander-albon,nicholas-latifi,0.5564821471088957,1.0
2022,6,carlos-sainz-jr,charles-leclerc,0.31607402750502234,0.0
2022,6,max-verstappen,sergio-perez,0.8701239740111164,1.0
2022,6,george-russell,lewis-hamilton,0.5244103334787723,1.0
2022,6,guanyu-zhou,valtteri-bottas,0.37233315043973625,0.0
2022,6,kevin-magnussen,mick-schumacher,0.4450802847609744,1.0
2022,6,daniel-ricciardo,lando-norris,0.2720637143474697,1.0
2022,6,esteban-ocon,fernando-alonso,0.4307140573483771,1.0
2022,6,pierre-gasly,yuki-tsunoda,0.7933628359310881,0.0
2022,6,lance-stroll,sebastian-vettel,0.37055838811893227,0.0
2022,6,alexander-albon,nicholas-latifi,0.5864831187238594,1.0
2022,7,carlos-sainz-jr,charles-leclerc,0.2975049032108326,0.0
2022,7,max-verstappen,sergio-perez,0.8741258129397047,0.0
2022,7,daniel-ricciardo,lando-norris,0.3136648484958235,0.0
2022,7,george-russell,lewis-hamilton,0.5570330226807818,1.0
2022,7,esteban-ocon,fernando-alonso,0.4696277162497667,0.0
2022,7,lance-stroll,sebastian-vettel,0.3470093383112811,0.0
2022,7,pierre-gasly,yuki-tsunoda,0.7551188175996785,0.0
2022,7,guanyu-zhou,valtteri-bottas,0.3486224347722855,0.0
2022,7,kevin-magnussen,mick-schumacher,0.4831966349472971,1.0
2022,7,alexander-albon,nicholas-latifi,0.6138926135681652,1.0
2022,8,carlos-sainz-jr,charles-leclerc,0.28061534303763536,0.0
2022,8,max-verstappen,sergio-perez,0.8450654794678186,0.0
2022,8,george-russell,lewis-hamilton,0.5869874839714875,1.0
2022,8,pierre-gasly,yuki-tsunoda,0.7145232501509708,1.0
2022,8,lance-stroll,sebastian-vettel,0.3256132656028251,0.0
2022,8,esteban-ocon,fernando-alonso,0.43747849163480673,0.0
2022,8,daniel-ricciardo,lando-norris,0.2953146873448706,0.0
2022,8,guanyu-zhou,valtteri-bottas,0.3270786266709246,1.0
2022,8,kevin-magnussen,mick-schumacher,0.5188808343915303,1.0
2022,8,alexander-albon,nicholas-latifi,0.6388531367229185,1.0
2022,9,max-verstappen,sergio-perez,0.8119775489143298,1.0
2022,9,esteban-ocon,fernando-alonso,0.40798982128948247,0.0
2022,9,carlos-sainz-jr,charles-leclerc,0.26523232074710834,1.0
2022,9,george-russell,lewis-hamilton,0.6143525112742195,0.0
2022,9,kevin-magnussen,mick-schumacher,0.5519363426924907,1.0
2022,9,daniel-ricciardo,lando-norris,0.2786217929885038,1.0
2022,9,guanyu-zhou,valtteri-bottas,0.36923668045729235,1.0
2022,9,alexander-albon,nicholas-latifi,0.6615431186660138,1.0
2022,9,pierre-gasly,yuki-tsunoda,0.7303374035317156,1.0
2022,9,lance-stroll,sebastian-vettel,0.30617485178639436,0.0
2022,10,carlos-sainz-jr,charles-leclerc,0.30662947448271427,1.0
2022,10,max-verstappen,sergio-perez,0.8197809089999902,1.0
2022,10,george-russell,lewis-hamilton,0.5734382950823375,0.0
2022,10,daniel-ricciardo,lando-norris,0.32038912642722217,0.0
2022,10,esteban-ocon,fernando-alonso,0.3810689951329275,0.0
2022,10,guanyu-zhou,valtteri-bottas,0.4106675354460963,1.0
2022,10,alexander-albon,nicholas-latifi,0.6821559739773152,0.0
2022,10,pierre-gasly,yuki-tsunoda,0.7447576957468155,1.0
2022,10,kevin-magnussen,mick-schumacher,0.5823193753895972,1.0
2022,10,lance-stroll,sebastian-vettel,0.2885035845044581,0.0
2022,11,max-verstappen,sergio-perez,0.8270210464507824,1.0
2022,11,carlos-sainz-jr,charles-leclerc,0.3487952412279827,0.0
2022,11,george-russell,lewis-hamilton,0.534307618456012,1.0
2022,11,esteban-ocon,fernando-alonso,0.35656450673208434,1.0
2022,11,kevin-magnussen,mick-schumacher,0.6100949586566844,1.0
2022,11,pierre-gasly,yuki-tsunoda,0.7579313908149641,1.0
2022,11,alexander-albon,nicholas-latifi,0.6399646900224777,1.0
2022,11,guanyu-zhou,valtteri-bottas,0.45056999941443915,0.0
2022,11,daniel-ricciardo,lando-norris,0.30142719353126785,0.0
2022,11,lance-stroll,sebastian-vettel,0.272419922737852,1.0
2022,12,carlos-sainz-jr,charles-leclerc,0.3272356072329365,0.0
2022,12,max-verstappen,sergio-perez,0.8337520993947446,1.0
2022,12,george-russell,lewis-hamilton,0.5661406168078472,0.0
2022,12,daniel-ricciardo,lando-norris,0.2841845947746128,0.0
2022,12,esteban-ocon,fernando-alonso,0.3983083110112983,0.0
2022,12,pierre-gasly,yuki-tsunoda,0.769990524251373,0.0
2022,12,kevin-magnussen,mick-schumacher,0.6353982101295121,1.0
2022,12,guanyu-zhou,valtteri-bottas,0.419977678829876,0.0
2022,12,lance-stroll,sebastian-vettel,0.31403082323286663,0.0
2022,12,alexander-albon,nicholas-latifi,0.6625530518448661,1.0
2022,13,george-russell,lewis-hamilton,0.5273954299270349,1.0
2022,13,carlos-sainz-jr,charles-leclerc,0.30764904889403855,1.0
2022,13,daniel-ricciardo,lando-norris,0.26848524805987867,0.0
2022,13,esteban-ocon,fernando-alonso,0.37225020085963867,1.0
2022,13,guanyu-zhou,valtteri-bottas,0.39200092896309396,0.0
2022,13,max-verstappen,sergio-perez,0.8400220376350249,1.0
2022,13,kevin-magnussen,mick-schumacher,0.6584038557570762,1.0
2022,13,lance-stroll,sebastian-vettel,0.2956474169267388,1.0
2022,13,pierre-gasly,yuki-tsunoda,0.7301731926475514,0.0
2022,13,alexander-albon,nicholas-latifi,0.6830734527304412,1.0
2022,14,max-verstappen,sergio-perez,0.8458734313417083,1.0
2022,14,carlos-sainz-jr,charles-leclerc,0.3498201929821744,1.0
2022,14,esteban-ocon,fernando-alonso,0.4135954015457045,1.0
2022,14,george-russell,lewis-hamilton,0.5597819208752257,0.0
2022,14,alexander-albon,nicholas-latifi,0.7017201220099412,1.0
2022,14,daniel-ricciardo,lando-norris,0.2541676731719189,0.0
2022,14,pierre-gasly,yuki-tsunoda,0.688635349135834,1.0
2022,14,guanyu-zhou,valtteri-bottas,0.36650893296973414,1.0
2022,14,lance-stroll,sebastian-vettel,0.33771544052885744,1.0
2022,14,kevin-magnussen,mick-schumacher,0.6793041575385037,0.0
2022,15,max-verstappen,sergio-perez,0.8513441240546731,1.0
2022,15,carlos-sainz-jr,charles-leclerc,0.39169847452903456,0.0
2022,15,george-russell,lewis-hamilton,0.521387836207385,0.0
2022,15,daniel-ricciardo,lando-norris,0.24108581558934922,0.0
2022,15,kevin-magnussen,mick-schumacher,0.6371179975568062,0.0
2022,15,pierre-gasly,yuki-tsunoda,0.7067767085036979,0.0
2022,15,lance-stroll,sebastian-vettel,0.3797768059458415,1.0
2022,15,esteban-ocon,fernando-alonso,0.45336290690292996,1.0
2022,15,guanyu-zhou,valtteri-bottas,0.40801364855738304,1.0
2022,15,alexander-albon,nicholas-latifi,0.7186793521674191,1.0
2022,16,carlos-sainz-jr,charles-leclerc,0.3662336974835349,0.0
2022,16,max-verstappen,sergio-perez,0.8564678196796442,1.0
2022,16,george-russell,lewis-hamilton,0.48538886077567567,0.0
2022,16,daniel-ricciardo,lando-norris,0.22910880354449814,0.0
2022,16,pierre-gasly,yuki-tsunoda,0.664740250168857,1.0
2022,16,esteban-ocon,fernando-alonso,0.4909882764128869,0.0
2022,16,guanyu-zhou,valtteri-bottas,0.4480355451586171,0.0
2022,16,nicholas-latifi,nyck-de-vries,0.260215369827296,0.0
2022,16,lance-stroll,sebastian-vettel,0.42088981739115183,0.0
2022,16,kevin-magnussen,mick-schumacher,0.595520546368055,1.0
2022,17,carlos-sainz-jr,charles-leclerc,0.3430790642267395,0.0
2022,17,max-verstappen,sergio-perez,0.8612745932634256,0.0
2022,17,george-russell,lewis-hamilton,0.4520034694791138,0.0
2022,17,esteban-ocon,fernando-alonso,0.4571762065744536,0.0
2022,17,daniel-ricciardo,lando-norris,0.21812009822202566,0.0
2022,17,pierre-gasly,yuki-tsunoda,0.6850604682235745,1.0
2022,17,kevin-magnussen,mick-schumacher,0.6221295064264551,1.0
2022,17,lance-stroll,sebastian-vettel,0.39283334888174753,1.0
2022,17,guanyu-zhou,valtteri-bottas,0.4176548654954321,1.0
2022,17,alexander-albon,nicholas-latifi,0.7410824142070908,1.0
2022,18,max-verstappen,sergio-perez,0.8303257856470836,1.0
2022,18,carlos-sainz-jr,charles-leclerc,0.3220429556823668,0.0
2022,18,esteban-ocon,fernando-alonso,0.42603710038494225,1.0
2022,18,george-russell,lewis-hamilton,0.4212918972106721,0.0
2022,18,lance-stroll,sebastian-vettel,0.4334837430560341,0.0
2022,18,daniel-ricciardo,lando-norris,0.20801633760958033,0.0
2022,18,guanyu-zhou,valtteri-bottas,0.4572297871250437,0.0
2022,18,pierre-gasly,yuki-tsunoda,0.703526448613826,0.0
2022,18,kevin-magnussen,mick-schumacher,0.6463437825663964,0.0
2022,18,alexander-albon,nicholas-latifi,0.7545713567837186,1.0
2022,19,carlos-sainz-jr,charles-leclerc,0.3029302815331546,1.0
2022,19,max-verstappen,sergio-perez,0.8368289487197627,1.0
2022,19,george-russell,lewis-hamilton,0.3932003177846721,0.0
2022,19,lance-stroll,sebastian-vettel,0.4043367385255235,1.0
2022,19,daniel-ricciardo,lando-norris,0.19870606319303477,0.0
2022,19,esteban-ocon,fernando-alonso,0.46519475248306474,0.0
2022,19,guanyu-zhou,valtteri-bottas,0.4260862757847846,0.0
2022,19,alexander-albon,nicholas-latifi,0.7669123656516019,1.0
2022,19,pierre-gasly,yuki-tsunoda,0.6614485030762909,1.0
2022,19,kevin-magnussen,mick-schumacher,0.6045391987040692,1.0
2022,20,max-verstappen,sergio-perez,0.8428921457987314,1.0
2022,20,george-russell,lewis-hamilton,0.36760044744119563,1.0
2022,20,carlos-sainz-jr,charles-leclerc,0.34507131047178813,1.0
2022,20,guanyu-zhou,valtteri-bottas,0.39757748232676704,0.0
2022,20,daniel-ricciardo,lando-norris,0.19010844354550493,0.0
2022,20,esteban-ocon,fernando-alonso,0.43340194515739316,0.0
2022,20,pierre-gasly,yuki-tsunoda,0.6820700205595174,0.0
2022,20,kevin-magnussen,mick-schumacher,0.630342098890015,1.0
2022,20,lance-stroll,sebastian-vettel,0.44451948891822596,0.0
2022,20,alexander-albon,nicholas-latifi,0.7782267613412406,1.0
2022,21,kevin-magnussen,mick-schumacher,0.6538090766130881,1.0
2022,21,max-verstappen,sergio-perez,0.8485555903994353,1.0
2022,21,george-russell,lewis-hamilton,0.40907602887733824,1.0
2022,21,daniel-ricciardo,lando-norris,0.18215205955795713,0.0
2022,21,carlos-sainz-jr,charles-leclerc,0.3870304754538547,1.0
2022,21,esteban-ocon,fernando-alonso,0.40426195914684804,1.0
2022,21,alexander-albon,nicholas-latifi,0.788622271397447,1.0
2022,21,pierre-gasly,yuki-tsunoda,0.6398788231702559,1.0
2022,21,lance-stroll,sebastian-vettel,0.41443406473892447,0.0
2022,21,guanyu-zhou,valtteri-bottas,0.371584813537477,1.0
2022,22,max-verstappen,sergio-perez,0.8538550624590572,1.0
2022,22,carlos-sainz-jr,charles-leclerc,0.4278956511161302,0.0
2022,22,george-russell,lewis-hamilton,0.4490504482546344,0.0
2022,22,daniel-ricciardo,lando-norris,0.17477378456906822,0.0
2022,22,esteban-ocon,fernando-alonso,0.44444792471018024,1.0
2022,22,lance-stroll,sebastian-vettel,0.386943772728636,0.0
2022,22,pierre-gasly,yuki-tsunoda,0.6624750360602725,0.0
2022,22,kevin-magnussen,mick-schumacher,0.6751301923550934,0.0
2022,22,guanyu-zhou,valtteri-bottas,0.41294929044507395,1.0
2022,22,alexander-albon,nicholas-latifi,0.7981942796053347,1.0
2023,1,max-verstappen,sergio-perez,0.8588224573927199,1.0
2023,1,carlos-sainz-jr,charles-leclerc,0.3992301183265936,0.0
2023,1,fernando-alonso,lance-stroll,0.8052557831919308,1.0
2023,1,george-russell,lewis-hamilton,0.4185848974879163,1.0
2023,1,esteban-ocon,pierre-gasly,0.5597759564479738,1.0
2023,1,kevin-magnussen,nico-hulkenberg,0.6893897482111633,0.0
2023,1,lando-norris,oscar-piastri,0.7902701272545146,1.0
2023,1,guanyu-zhou,valtteri-bottas,0.4527468641085226,0.0
2023,1,nyck-de-vries,yuki-tsunoda,0.5475561817172085,0.0
2023,1,alexander-albon,logan-sargeant,0.5400155471838202,1.0
2023,2,max-verstappen,sergio-perez,0.8634862635025541,0.0
2023,2,carlos-sainz-jr,charles-leclerc,0.3730895260003022,0.0
2023,2,fernando-alonso,lance-stroll,0.8135558422687692,1.0
2023,2,george-russell,lewis-hamilton,0.4581148148308296,1.0
2023,2,esteban-ocon,pierre-gasly,0.5894981720182293,1.0
2023,2,lando-norris,oscar-piastri,0.7997135394356657,0.0
2023,2,kevin-magnussen,nico-hulkenberg,0.6472064842163033,0.0
2023,2,guanyu-zhou,valtteri-bottas,0.4219735784551211,1.0
2023,2,nyck-de-vries,yuki-tsunoda,0.5098752432243397,0.0
2023,3,george-russell,lewis-hamilton,0.4954486523432946,1.0
2023,3,fernando-alonso,lance-stroll,0.821244103505704,1.0
2023,3,carlos-sainz-jr,charles-leclerc,0.3493099485638658,1.0
2023,3,alexander-albon,logan-sargeant,0.5713848733308329,1.0
2023,3,esteban-ocon,pierre-gasly,0.616641464267692,0.0
2023,3,kevin-magnussen,nico-hulkenberg,0.6053846814005549,0.0
2023,3,nyck-de-vries,yuki-tsunoda,0.4746772775257544,0.0
2023,3,lando-norris,oscar-piastri,0.7619746172583065,1.0
2023,3,guanyu-zhou,valtteri-bottas,0.4613367695696087,1.0
2023,4,carlos-sainz-jr,charles-leclerc,0.39119747294819485,0.0
2023,4,max-verstappen,sergio-perez,0.8328501021012806,1.0
2023,4,george-russell,lewis-hamilton,0.5302646563262883,0.0
2023,4,fernando-alonso,lance-stroll,0.8283802907364245,1.0
2023,4,lando-norris,oscar-piastri,0.7736968696049448,1.0
2023,4,esteban-ocon,pierre-gasly,0.5756479236415445,1.0
2023,4,alexander-albon,logan-sargeant,0.6001126192428774,1.0
2023,4,guanyu-zhou,valtteri-bottas,0.49846897370349963,0.0
2023,4,kevin-magnussen,nico-hulkenberg,0.5648031265361654,0.0
2023,5,max-verstappen,sergio-perez,0.8391811337176638,0.0
2023,5,fernando-alonso,lance-stroll,0.8350172663571055,1.0
2023,5,carlos-sainz-jr,charles-leclerc,0.3657777966678036,1.0
2023,5,kevin-magnussen,nico-hulkenberg,0.5261306310876561,1.0
2023,5,esteban-ocon,pierre-gasly,0.6040061173154688,0.0
2023,5,george-russell,lewis-hamilton,0.4936726519823242,1.0
2023,5,guanyu-zhou,valtteri-bottas,0.4640978458003849,0.0
2023,5,alexander-albon,logan-sargeant,0.6263119809864507,1.0
2023,5,nyck-de-vries,yuki-tsunoda,0.4421265960315236,1.0
2023,5,lando-norris,oscar-piastri,0.7844575584360568,1.0
2023,6,max-verstappen,sergio-perez,0.8053813018226292,1.0
2023,6,fernando-alonso,lance-stroll,0.8412018832415596,1.0
2023,6,carlos-sainz-jr,charles-leclerc,0.4073017115004149,0.0
2023,6,esteban-ocon,pierre-gasly,0.5634787351112182,1.0
2023,6,george-russell,lewis-hamilton,0.5286168600107277,0.0
2023,6,nyck-de-vries,yuki-tsunoda,0.4804126076187258,0.0
2023,6,lando-norris,oscar-piastri,0.7943569814855242,1.0
2023,6,alexander-albon,logan-sargeant,0.6501460297027394,1.0
2023,6,guanyu-zhou,valtteri-bottas,0.43239378916339716,0.0
2023,6,kevin-magnussen,nico-hulkenberg,0.558617413648843,1.0
2023,7,max-verstappen,sergio-perez,0.8136719909857753,1.0
2023,7,carlos-sainz-jr,charles-leclerc,0.3804419291818174,1.0
2023,7,lando-norris,oscar-piastri,0.8034838515832214,1.0
2023,7,esteban-ocon,pierre-gasly,0.5928857331387055,0.0
2023,7,george-russell,lewis-hamilton,0.4921332584658838,0.0
2023,7,fernando-alonso,lance-stroll,0.8469757339285988,0.0
2023,7,kevin-magnussen,nico-hulkenberg,0.5884378568233881,0.0
2023,7,guanyu-zhou,valtteri-bottas,0.40334037868374806,1.0
2023,7,nyck-de-vries,yuki-tsunoda,0.44741205705846165,1.0
2023,7,alexander-albon,logan-sargeant,0.6718026204397513,1.0
2023,8,max-verstappen,sergio-perez,0.8213518053218587,1.0
2023,8,kevin-magnussen,nico-hulkenberg,0.5485762755980272,0.0
2023,8,fernando-alonso,lance-stroll,0.8141262073082319,1.0
2023,8,george-russell,lewis-hamilton,0.4582347933429233,0.0
2023,8,esteban-ocon,pierre-gasly,0.5528239930163799,1.0
2023,8,lando-norris,oscar-piastri,0.8119165623775133,1.0
2023,8,carlos-sainz-jr,charles-leclerc,0.42153318769829784,1.0
2023,8,alexander-albon,logan-sargeant,0.6914770375542961,1.0
2023,8,guanyu-zhou,valtteri-bottas,0.44356578272302516,0.0
2023,8,nyck-de-vries,yuki-tsunoda,0.48539243199807036,0.0
2023,9,max-verstappen,sergio-perez,0.828480362162268,1.0
2023,9,carlos-sainz-jr,charles-leclerc,0.4609182887255522,0.0
2023,9,lando-norris,oscar-piastri,0.8197243818062298,1.0
2023,9,george-russell,lewis-hamilton,0.42700874540094536,0.0
2023,9,fernando-alonso,lance-stroll,0.821773019735176,0.0
2023,9,kevin-magnussen,nico-hulkenberg,0.510833975325207,0.0
2023,9,esteban-ocon,pierre-gasly,0.5831326688561365,0.0
2023,9,alexander-albon,logan-sargeant,0.7093608140425738,1.0
2023,9,guanyu-zhou,valtteri-bottas,0.4135607665235446,0.0
2023,9,nyck-de-vries,yuki-tsunoda,0.4520067664012182,0.0
2023,10,max-verstappen,sergio-perez,0.8351104305737234,1.0
2023,10,lando-norris,oscar-piastri,0.8269685458180418,1.0
2023,10,carlos-sainz-jr,charles-leclerc,0.42947270886557226,0.0
2023,10,george-russell,lewis-hamilton,0.3984199917245274,1.0
2023,10,alexander-albon,logan-sargeant,0.7256350982615359,1.0
2023,10,fernando-alonso,lance-stroll,0.7860607596402303,1.0
2023,10,esteban-ocon,pierre-gasly,0.5435198944472573,0.0
2023,10,kevin-magnussen,nico-hulkenberg,0.47556798371873504,0.0
2023,10,nyck-de-vries,yuki-tsunoda,0.42129492023928894,0.0
2023,11,george-russell,lewis-hamilton,0.43885010906010485,0.0
2023,11,max-verstappen,sergio-perez,0.8412887817233694,1.0
2023,11,lando-norris,oscar-piastri,0.8337032421158282,1.0
2023,11,guanyu-zhou,valtteri-bottas,0.3861474037451949,1.0
2023,11,carlos-sainz-jr,charles-leclerc,0.40067089240038095,0.0
2023,11,fernando-alonso,lance-stroll,0.7958337407371915,1.0
2023,11,kevin-magnussen,nico-hulkenberg,0.44294700385724994,0.0
2023,11,esteban-ocon,pierre-gasly,0.5060849732403095,1.0
2023,11,daniel-ricciardo,yuki-tsunoda,0.3937954780239962,1.0
2023,11,alexander-albon,logan-sargeant,0.7404671745519468,1.0
2023,12,max-verstappen,sergio-perez,0.8470569366328086,1.0
2023,12,carlos-sainz-jr,charles-leclerc,0.37440151853953524,0.0
2023,12,george-russell,lewis-hamilton,0.4092446318622274,0.0
2023,12,lando-norris,oscar-piastri,0.8399764839094146,0.0
2023,12,fernando-alonso,lance-stroll,0.8048470830217186,1.0
2023,12,daniel-ricciardo,yuki-tsunoda,0.4344088707774838,0.0
2023,12,esteban-ocon,pierre-gasly,0.5401172947395019,0.0
2023,12,kevin-magnussen,nico-hulkenberg,0.4129942297636641,1.0
2023,12,guanyu-zhou,valtteri-bottas,0.42704398935373417,0.0
2023,12,alexander-albon,logan-sargeant,0.7540090611707243,1.0
2023,13,max-verstappen,sergio-perez,0.8524518202333068,1.0
2023,13,lando-norris,oscar-piastri,0.8062709058815111,1.0
2023,13,george-russell,lewis-hamilton,0.3822126029572277,1.0
2023,13,alexander-albon,logan-sargeant,0.766397407034303,1.0
2023,13,fernando-alonso,lance-stroll,0.8131776760040129,1.0
2023,13,carlos-sainz-jr,charles-leclerc,0.3505025509604809,1.0
2023,13,esteban-ocon,pierre-gasly,0.5028937017639756,0.0
2023,13,liam-lawson,yuki-tsunoda,0.4666125368852168,0.0
2023,13,kevin-magnussen,nico-hulkenberg,0.45278971729396583,0.0
2023,13,guanyu-zhou,valtteri-bottas,0.3984521827728497,1.0
2023,14,carlos-sainz-jr,charles-leclerc,0.39236826557325055,1.0
2023,14,max-verstappen,sergio-perez,0.8575063314925697,1.0
2023,14,george-russell,lewis-hamilton,0.42324498787042975,1.0
2023,14,alexander-albon,logan-sargeant,0.7777541507092498,1.0
2023,14,lando-norris,oscar-piastri,0.8144952885781055,0.0
2023,14,fernando-alonso,lance-stroll,0.820893461597035,1.0
2023,14,liam-lawson,yuki-tsunoda,0.434705341608148,0.0
2023,14,kevin-magnussen,nico-hulkenberg,0.4220128768879745,0.0
2023,14,guanyu-zhou,valtteri-bottas,0.43888099311040407,0.0
2023,14,esteban-ocon,pierre-gasly,0.46819805667173126,0.0
2023,15,carlos-sainz-jr,charles-leclerc,0.433036405185817,1.0
2023,15,george-russell,lewis-hamilton,0.4625445219130168,1.0
2023,15,lando-norris,oscar-piastri,0.7780666363360527,1.0
2023,15,kevin-magnussen,nico-hulkenberg,0.3938583853486226,1.0
2023,15,fernando-alonso,lance-stroll,0.8280545109795876,1.0
2023,15,esteban-ocon,pierre-gasly,0.4361633795604368,1.0
2023,15,liam-lawson,yuki-tsunoda,0.4054536260905074,1.0
2023,15,max-verstappen,sergio-perez,0.8622498393369913,1.0
2023,15,alexander-albon,logan-sargeant,0.788187586047604,1.0
2023,15,guanyu-zhou,valtteri-bottas,0.4092728888658603,0.0
2023,16,max-verstappen,sergio-perez,0.866708613549331,1.0
2023,16,lando-norris,oscar-piastri,0.7884749912352165,0.0
2023,16,carlos-sainz-jr,charles-leclerc,0.47182600948077713,0.0
2023,16,george-russell,lewis-hamilton,0.4996003319473849,0.0
2023,16,liam-lawson,yuki-tsunoda,0.4455880877618016,0.0
2023,16,fernando-alonso,lance-stroll,0.8347139909449217,1.0
2023,16,esteban-ocon,pierre-gasly,0.4747829591275109,0.0
2023,16,kevin-magnussen,nico-hulkenberg,0.4344693451862346,1.0
2023,16,guanyu-zhou,valtteri-bottas,0.38223835751296126,0.0
2023,17,max-verstappen,sergio-perez,0.8709061990330829,1.0
2023,17,george-russell,lewis-hamilton,0.46514578402681567,1.0
2023,17,fernando-alonso,lance-stroll,0.840919020860443,1.0
2023,17,carlos-sainz-jr,charles-leclerc,0.43950140852191205,0.0
2023,17,lando-norris,oscar-piastri,0.7498652519464547,0.0
2023,17,esteban-ocon,pierre-gasly,0.4422239285863241,0.0
2023,17,guanyu-zhou,valtteri-bottas,0.35762790101315184,0.0
2023,17,liam-lawson,yuki-tsunoda,0.4154127307220793,0.0
2023,17,alexander-albon,logan-sargeant,0.7977936072798131,1.0
2023,17,kevin-magnussen,nico-hulkenberg,0.4731814585287445,0.0
2023,18,carlos-sainz-jr,charles-leclerc,0.40984055929446617,0.0
2023,18,lando-norris,oscar-piastri,0.709034263440382,1.0
2023,18,george-russell,lewis-hamilton,0.5020355726509781,0.0
2023,18,max-verstappen,sergio-perez,0.8748637409543274,1.0
2023,18,esteban-ocon,pierre-gasly,0.41233227353195767,0.0
2023,18,daniel-ricciardo,yuki-tsunoda,0.36696701646484686,0.0
2023,18,guanyu-zhou,valtteri-bottas,0.33525971690168577,1.0
2023,18,kevin-magnussen,nico-hulkenberg,0.4407491848304457,1.0
2023,18,fernando-alonso,lance-stroll,0.8467114265239424,1.0
2023,18,alexander-albon,logan-sargeant,0.8066569941269394,1.0
2023,19,carlos-sainz-jr,charles-leclerc,0.38275577110288733,0.0
2023,19,max-verstappen,sergio-perez,0.878600267388868,1.0
2023,19,daniel-ricciardo,yuki-tsunoda,0.34374545993098515,1.0
2023,19,george-russell,lewis-hamilton,0.4674024972831522,0.0
2023,19,lando-norris,oscar-piastri,0.7253377284877326,0.0
2023,19,guanyu-zhou,valtteri-bottas,0.37734883592398416,0.0
2023,19,esteban-ocon,pierre-gasly,0.3850272608076183,0.0
2023,19,kevin-magnussen,nico-hulkenberg,0.47911331807479374,0.0
2023,19,fernando-alonso,lance-stroll,0.85212839973288,1.0
2023,20,max-verstappen,sergio-perez,0.8821329352662496,1.0
2023,20,carlos-sainz-jr,charles-leclerc,0.35809845009870184,0.0
2023,20,fernando-alonso,lance-stroll,0.8572030733155277,0.0
2023,20,george-russell,lewis-hamilton,0.4354317278559374,0.0
2023,20,lando-norris,oscar-piastri,0.6836673066131179,1.0
2023,20,kevin-magnussen,nico-hulkenberg,0.4462140977297747,0.0
2023,20,esteban-ocon,pierre-gasly,0.3601643791468214,1.0
2023,20,alexander-albon,logan-sargeant,0.8148526556768474,1.0
2023,20,daniel-ricciardo,yuki-tsunoda,0.38572513509516193,0.0
2023,20,guanyu-zhou,valtteri-bottas,0.35318193978874635,0.0
2023,21,carlos-sainz-jr,charles-leclerc,0.33568722153127156,0.0
2023,21,max-verstappen,sergio-perez,0.8854772446372727,1.0
2023,21,george-russell,lewis-hamilton,0.4061178441386277,1.0
2023,21,esteban-ocon,pierre-gasly,0.40182717127537687,0.0
2023,21,alexander-albon,logan-sargeant,0.8224467893205147,1.0
2023,21,guanyu-zhou,valtteri-bottas,0.33122063310727184,0.0
2023,21,kevin-magnussen,nico-hulkenberg,0.4159861361110752,1.0
2023,21,fernando-alonso,lance-stroll,0.8256919115669494,1.0
2023,21,daniel-ricciardo,yuki-tsunoda,0.36079915882812263,1.0
2023,21,lando-norris,oscar-piastri,0.7022599557682184,1.0
2023,22,max-verstappen,sergio-perez,0.8886472256073276,1.0
2023,22,carlos-sainz-jr,charles-leclerc,0.3153278845221224,0.0
2023,22,lando-norris,oscar-piastri,0.7191706505484106,0.0
2023,22,george-russell,lewis-hamilton,0.4462233510351536,1.0
2023,22,daniel-ricciardo,yuki-tsunoda,0.4024470089890617,0.0
2023,22,fernando-alonso,lance-stroll,0.8325154209314279,1.0
2023,22,kevin-magnussen,nico-hulkenberg,0.45564098560049837,0.0
2023,22,esteban-ocon,pierre-gasly,0.37545456872798744,0.0
2023,22,guanyu-zhou,valtteri-bottas,0.3112698894564593,0.0
2024,1,max-verstappen,sergio-perez,0.8916556016750149,1.0
2024,1,carlos-sainz-jr,charles-leclerc,0.2968266031056996,0.0
2024,1,george-russell,lewis-hamilton,0.48427326729283854,1.0
2024,1,fernando-alonso,lance-stroll,0.8388691764867326,1.0
2024,1,lando-norris,oscar-piastri,0.6773537831171127,1.0
2024,1,kevin-magnussen,nico-hulkenberg,0.4246283041025752,0.0
2024,1,daniel-ricciardo,yuki-tsunoda,0.37601911564237467,0.0
2024,1,alexander-albon,logan-sargeant,0.8294979346168359,1.0
2024,1,guanyu-zhou,valtteri-bottas,0.2931371264704397,0.0
2024,1,esteban-ocon,pierre-gasly,0.3514598278432913,1.0
2024,2,max-verstappen,sergio-perez,0.8945139326899507,1.0
2024,2,charles-leclerc,oliver-bearman,0.7189402462311166,1.0
2024,2,fernando-alonso,lance-stroll,0.8447967155440609,1.0
2024,2,lando-norris,oscar-piastri,0.6965214667606857,0.0
2024,2,george-russell,lewis-hamilton,0.5198827284714116,1.0
2024,2,daniel-ricciardo,yuki-tsunoda,0.3519730502959669,0.0
2024,2,alexander-albon,logan-sargeant,0.8360579162718635,1.0
2024,2,kevin-magnussen,nico-hulkenberg,0.39624609842230785,1.0
2024,2,esteban-ocon,pierre-gasly,0.39330751550620136,1.0
2024,3,max-verstappen,sergio-perez,0.897232740188844,1.0
2024,3,carlos-sainz-jr,charles-leclerc,0.2722371981599835,1.0
2024,3,lando-norris,oscar-piastri,0.6543762514844226,1.0
2024,3,george-russell,lewis-hamilton,0.5528602765418333,1.0
2024,3,daniel-ricciardo,yuki-tsunoda,0.3301224205591628,0.0
2024,3,fernando-alonso,lance-stroll,0.8503367283582207,0.0
2024,3,guanyu-zhou,valtteri-bottas,0.2766394069901763,0.0
2024,3,kevin-magnussen,nico-hulkenberg,0.43676348328455394,1.0
2024,3,esteban-ocon,pierre-gasly,0.43393972321596147,1.0
2024,4,max-verstappen,sergio-perez,0.8998216174773619,1.0
2024,4,lando-norris,oscar-piastri,0.6756454204407336,1.0
2024,4,carlos-sainz-jr,charles-leclerc,0.3138430994852594,1.0
2024,4,fernando-alonso,lance-stroll,0.8179154435078636,1.0
2024,4,george-russell,lewis-hamilton,0.5831659103901949,0.0
2024,4,daniel-ricciardo,yuki-tsunoda,0.31027207869670104,0.0
2024,4,kevin-magnussen,nico-hulkenberg,0.4753500447415167,0.0
2024,4,guanyu-zhou,valtteri-bottas,0.26160730280450795,0.0
2024,4,alexander-albon,logan-sargeant,0.8421726787322084,1.0
2024,4,esteban-ocon,pierre-gasly,0.47268056131018,1.0
2024,5,max-verstappen,sergio-perez,0.9022893264893904,1.0
2024,5,fernando-alonso,lance-stroll,0.8252888789750581,1.0
2024,5,lando-norris,oscar-piastri,0.6949689505239692,1.0
2024,5,carlos-sainz-jr,charles-leclerc,0.35603370519321037,0.0
2024,5,george-russell,lewis-hamilton,0.5435515434083592,1.0
2024,5,kevin-magnussen,nico-hulkenberg,0.4427462510482127,0.0
2024,5,guanyu-zhou,valtteri-bottas,0.24788654404227645,0.0
2024,5,daniel-ricciardo,yuki-tsunoda,0.29222980516761793,1.0
2024,5,esteban-ocon,pierre-gasly,0.5090782645481997,1.0
2024,5,alexander-albon,logan-sargeant,0.8478830193886308,1.0
2024,6,max-verstappen,sergio-perez,0.9046438831677889,1.0
2024,6,carlos-sainz-jr,charles-leclerc,0.33381138197438337,0.0
2024,6,lando-norris,oscar-piastri,0.7125368167710621,1.0
2024,6,george-russell,lewis-hamilton,0.5746307691962725,1.0
2024,6,kevin-magnussen,nico-hulkenberg,0.412810438195221,0.0
2024,6,daniel-ricciardo,yuki-tsunoda,0.33425226532918056,0.0
2024,6,fernando-alonso,lance-stroll,0.8321405137427247,0.0
2024,6,esteban-ocon,pierre-gasly,0.5428853044752131,0.0
2024,6,alexander-albon,logan-sargeant,0.8532252295090024,1.0
2024,6,guanyu-zhou,valtteri-bottas,0.23533827300363272,0.0
2024,7,max-verstappen,sergio-perez,0.906892632865023,1.0
2024,7,lando-norris,oscar-piastri,0.7285277519679066,0.0
2024,7,carlos-sainz-jr,charles-leclerc,0.3136236859441548,0.0
2024,7,george-russell,lewis-hamilton,0.6030773374369416,1.0
2024,7,daniel-ricciardo,yuki-tsunoda,0.314024233262577,0.0
2024,7,kevin-magnussen,nico-hulkenberg,0.38546323439422187,0.0
2024,7,esteban-ocon,pierre-gasly,0.5054895255577743,1.0
2024,7,fernando-alonso,lance-stroll,0.7975328145127412,0.0
2024,7,guanyu-zhou,valtteri-bottas,0.2238384703094584,0.0
2024,8,carlos-sainz-jr,charles-leclerc,0.295277263604801,0.0
2024,8,lando-norris,oscar-piastri,0.6869430234152001,0.0
2024,8,george-russell,lewis-hamilton,0.6290113356900228,1.0
2024,8,max-verstappen,sergio-perez,0.9090423170522237,1.0
2024,8,daniel-ricciardo,yuki-tsunoda,0.2956414256452208,0.0
2024,8,alexander-albon,logan-sargeant,0.8582316527093736,1.0
2024,8,esteban-ocon,pierre-gasly,0.5395664194614002,0.0
2024,8,fernando-alonso,lance-stroll,0.7596166018448137,0.0
2024,8,guanyu-zhou,valtteri-bottas,0.21327693176705614,0.0
2024,9,george-russell,lewis-hamilton,0.652599591100721,1.0
2024,9,max-verstappen,sergio-perez,0.9110991324460561,1.0
2024,9,lando-norris,oscar-piastri,0.6447536409306538,1.0
2024,9,daniel-ricciardo,yuki-tsunoda,0.278919214836373,1.0
2024,9,fernando-alonso,lance-stroll,0.7192387849537719,1.0
2024,9,alexander-albon,logan-sargeant,0.8629311706300195,1.0
2024,9,carlos-sainz-jr,charles-leclerc,0.2785877265701161,0.0
2024,9,kevin-magnussen,nico-hulkenberg,0.36056093309681575,1.0
2024,9,esteban-ocon,pierre-gasly,0.5023773738056738,0.0
2024,9,guanyu-zhou,valtteri-bottas,0.2035560390111537,0.0
2024,10,lando-norris,oscar-piastri,0.666903911026617,1.0
2024,10,max-verstappen,sergio-perez,0.9130687835097774,1.0
2024,10,george-russell,lewis-hamilton,0.6740314807315346,0.0
2024,10,carlos-sainz-jr,charles-leclerc,0.26338385896195804,0.0
2024,10,esteban-ocon,pierre-gasly,0.4677193549627095,0.0
2024,10,fernando-alonso,lance-stroll,0.734634711524736,1.0
2024,10,guanyu-zhou,valtteri-bottas,0.19458947404610258,0.0
2024,10,kevin-magnussen,nico-hulkenberg,0.4022144137693081,0.0
2024,10,daniel-ricciardo,yuki-tsunoda,0.32069340868556434,0.0
2024,10,alexander-albon,logan-sargeant,0.8673496248898777,1.0
2024,11,max-verstappen,sergio-perez,0.9149565291541386,1.0
2024,11,lando-norris,oscar-piastri,0.6870261728216246,1.0
2024,11,george-russell,lewis-hamilton,0.6318669030668913,1.0
2024,11,carlos-sainz-jr,charles-leclerc,0.24950948945001794,1.0
2024,11,kevin-magnussen,nico-hulkenberg,0.3758072645776798,0.0
2024,11,esteban-ocon,pierre-gasly,0.4357231180787283,1.0
2024,11,daniel-ricciardo,yuki-tsunoda,0.30170374891913326,1.0
2024,11,fernando-alonso,lance-stroll,0.748680860106039,1.0
2024,11,alexander-albon,logan-sargeant,0.8715101835826174,1.0
2024,11,guanyu-zhou,valtteri-bottas,0.18630096594190185,0.0
2024,12,george-russell,lewis-hamilton,0.6551948415587767,1.0
2024,12,lando-norris,oscar-piastri,0.7053135789414378,1.0
2024,12,max-verstappen,sergio-perez,0.9167672243519902,1.0
2024,12,kevin-magnussen,nico-hulkenberg,0.35178045749466097,0.0
2024,12,carlos-sainz-jr,charles-leclerc,0.290313517021903,1.0
2024,12,fernando-alonso,lance-stroll,0.7615200467828521,0.0
2024,12,alexander-albon,logan-sargeant,0.8754336596922544,1.0
2024,12,daniel-ricciardo,yuki-tsunoda,0.3438347531854795,0.0
2024,12,guanyu-zhou,valtteri-bottas,0.17862311784817653,1.0
2024,12,esteban-ocon,pierre-gasly,0.47436684196298173,1.0
2024,13,lando-norris,oscar-piastri,0.721950124794271,1.0
2024,13,max-verstappen,sergio-perez,0.9185053572847728,1.0
2024,13,carlos-sainz-jr,charles-leclerc,0.3323072222213102,1.0
2024,13,george-russell,lewis-hamilton,0.6763890370087714,0.0
2024,13,fernando-alonso,lance-stroll,0.7212389390249703,1.0
2024,13,daniel-ricciardo,yuki-tsunoda,0.32272943467337756,1.0
2024,13,kevin-magnussen,nico-hulkenberg,0.32994746146954035,0.0
2024,13,guanyu-zhou,valtteri-bottas,0.2143756103147948,0.0
2024,13,alexander-albon,logan-sargeant,0.8791387879278323,1.0
2024,13,esteban-ocon,pierre-gasly,0.5106521900178387,1.0
2024,14,max-verstappen,sergio-perez,0.920175082557077,1.0
2024,14,carlos-sainz-jr,charles-leclerc,0.37442542120811106,0.0
2024,14,george-russell,lewis-hamilton,0.63421288057105,0.0
2024,14,lando-norris,oscar-piastri,0.7371065373789658,1.0
2024,14,fernando-alonso,lance-stroll,0.7364581061929296,1.0
2024,14,esteban-ocon,pierre-gasly,0.5443399679176093,1.0
2024,14,alexander-albon,logan-sargeant,0.8826424656499947,1.0
2024,14,daniel-ricciardo,yuki-tsunoda,0.3649091212984098,1.0
2024,14,guanyu-zhou,valtteri-bottas,0.20456826311283735,0.0
2024,14,kevin-magnussen,nico-hulkenberg,0.3101131123660964,0.0
2024,15,lando-norris,oscar-piastri,0.7509384657140532,1.0
2024,15,max-verstappen,sergio-perez,0.9217802509451013,1.0
2024,15,george-russell,lewis-hamilton,0.5926892089500795,1.0
2024,15,carlos-sainz-jr,charles-leclerc,0.35052427918305584,0.0
2024,15,fernando-alonso,lance-stroll,0.7503461590338865,1.0
2024,15,esteban-ocon,pierre-gasly,0.5753542203081381,0.0
2024,15,daniel-ricciardo,yuki-tsunoda,0.4064555164520185,0.0
2024,15,kevin-magnussen,nico-hulkenberg,0.2920852503938105,0.0
2024,15,guanyu-zhou,valtteri-bottas,0.19552406165904382,0.0
2024,16,lando-norris,oscar-piastri,0.7635861287937526,1.0
2024,16,george-russell,lewis-hamilton,0.6195497970232731,1.0
2024,16,carlos-sainz-jr,charles-leclerc,0.3288063061573105,0.0
2024,16,max-verstappen,sergio-perez,0.9233244360843944,1.0
2024,16,alexander-albon,franco-colapinto,0.7512450656331008,1.0
2024,16,kevin-magnussen,nico-hulkenberg,0.2756816794110902,0.0
2024,16,fernando-alonso,lance-stroll,0.7630440003393574,1.0
2024,16,daniel-ricciardo,yuki-tsunoda,0.37967086211761436,1.0
2024,16,esteban-ocon,pierre-gasly,0.5361255110750287,0.0
2024,16,guanyu-zhou,valtteri-bottas,0.1871657079805019,0.0
2024,17,carlos-sainz-jr,charles-leclerc,0.3090762505996819,0.0
2024,17,lando-norris,oscar-piastri,0.775174833328653,0.0
2024,17,max-verstappen,sergio-perez,0.9248109584502482,0.0
2024,17,george-russell,lewis-hamilton,0.6439981807813723,1.0
2024,17,fernando-alonso,lance-stroll,0.7746775849360267,1.0
2024,17,alexander-albon,franco-colapinto,0.7638667743397436,0.0
2024,17,nico-hulkenberg,oliver-bearman,0.7360659217160767,0.0
2024,17,daniel-ricciardo,yuki-tsunoda,0.4207873201522363,0.0
2024,17,guanyu-zhou,valtteri-bottas,0.17942490016230503,0.0
2024,18,lando-norris,oscar-piastri,0.7356687329404222,1.0
2024,18,max-verstappen,sergio-perez,0.9049992337714803,1.0
2024,18,george-russell,lewis-hamilton,0.6662175861718604,0.0
2024,18,kevin-magnussen,nico-hulkenberg,0.2808061217213504,0.0
2024,18,fernando-alonso,lance-stroll,0.7853588992095795,1.0
2024,18,daniel-ricciardo,yuki-tsunoda,0.3927398049680027,0.0
2024,18,carlos-sainz-jr,charles-leclerc,0.2911423554497415,0.0
2024,18,alexander-albon,franco-colapinto,0.7237086648913985,1.0
2024,18,esteban-ocon,pierre-gasly,0.49915433213410393,1.0
2024,18,guanyu-zhou,valtteri-bottas,0.172241250853376,0.0
2024,19,lando-norris,oscar-piastri,0.7496251784900623,1.0
2024,19,max-verstappen,sergio-perez,0.9072321993548201,1.0
2024,19,carlos-sainz-jr,charles-leclerc,0.27482310399073245,1.0
2024,19,george-russell,lewis-hamilton,0.6241133286077183,1.0
2024,19,esteban-ocon,pierre-gasly,0.5337003528974181,0.0
2024,19,fernando-alonso,lance-stroll,0.7951871732185785,1.0
2024,19,kevin-magnussen,nico-hulkenberg,0.26540622215752935,1.0
2024,19,liam-lawson,yuki-tsunoda,0.3879458367343305,0.0
2024,19,alexander-albon,franco-colapinto,0.7387101236984326,1.0
2024,19,guanyu-zhou,valtteri-bottas,0.16556131616320977,0.0
2024,20,carlos-sainz-jr,charles-leclerc,0.31649766555286923,1.0
2024,20,max-verstappen,sergio-perez,0.9093670943148673,1.0
2024,20,lando-norris,oscar-piastri,0.7623841662687021,1.0
2024,20,george-russell,lewis-hamilton,0.6481473543832739,1.0
2024,20,kevin-magnussen,nico-hulkenberg,0.306808964926139,1.0
2024,20,esteban-ocon,pierre-gasly,0.49688485039554114,0.0
2024,20,alexander-albon,franco-colapinto,0.7524034772170658,1.0
2024,20,liam-lawson,yuki-tsunoda,0.3628192842187233,0.0
2024,20,fernando-alonso,lance-stroll,0.8042501648546491,1.0
2024,20,guanyu-zhou,valtteri-bottas,0.1593377341248456,0.0
2024,21,lando-norris,oscar-piastri,0.7740724392076586,1.0
2024,21,george-russell,lewis-hamilton,0.66998695996136,1.0
2024,21,liam-lawson,yuki-tsunoda,0.3399764611666788,0.0
2024,21,esteban-ocon,pierre-gasly,0.4626310327397246,1.0
2024,21,carlos-sainz-jr,charles-leclerc,0.35868975206429693,0.0
2024,21,alexander-albon,franco-colapinto,0.7649272461922412,1.0
2024,21,fernando-alonso,lance-stroll,0.8126254209499113,1.0
2024,21,guanyu-zhou,valtteri-bottas,0.15352846659655808,0.0
2024,21,max-verstappen,sergio-perez,0.9114100357767055,1.0
2024,21,nico-hulkenberg,oliver-bearman,0.6601082879571051,0.0
2024,22,george-russell,lewis-hamilton,0.6898273034246108,1.0
2024,22,carlos-sainz-jr,charles-leclerc,0.33622443877370173,1.0
2024,22,esteban-ocon,pierre-gasly,0.4996813538510793,0.0
2024,22,max-verstappen,sergio-perez,0.9133666562121717,1.0
2024,22,lando-norris,oscar-piastri,0.7848027109186804,1.0
2024,22,liam-lawson,yuki-tsunoda,0.3192244758371819,0.0
2024,22,kevin-magnussen,nico-hulkenberg,0.3699695972747334,0.0
2024,22,guanyu-zhou,valtteri-bottas,0.1480961358554601,1.0
2024,22,alexander-albon,franco-colapinto,0.7764051319440584,0.0
2024,22,fernando-alonso,lance-stroll,0.8203814627868372,1.0
2024,23,max-verstappen,sergio-perez,0.9152421493081202,1.0
2024,23,george-russell,lewis-hamilton,0.707860567021783,1.0
2024,23,lando-norris,oscar-piastri,0.7946748700371211,1.0
2024,23,carlos-sainz-jr,charles-leclerc,0.37830303923464026,0.0
2024,23,fernando-alonso,lance-stroll,0.8275788703946999,1.0
2024,23,kevin-magnussen,nico-hulkenberg,0.34647420763066233,1.0
2024,23,esteban-ocon,pierre-gasly,0.4652208434555517,0.0
2024,23,guanyu-zhou,valtteri-bottas,0.18031388850653265,1.0
2024,23,liam-lawson,yuki-tsunoda,0.3003686360959927,0.0
2024,23,alexander-albon,franco-colapinto,0.7369759924853974,1.0
2024,24,lando-norris,oscar-piastri,0.8037772633887729,1.0
2024,24,carlos-sainz-jr,charles-leclerc,0.3540494866891588,1.0
2024,24,kevin-magnussen,nico-hulkenberg,0.3884106815216213,0.0
2024,24,max-verstappen,sergio-perez,0.9170413108501179,1.0
2024,24,jack-doohan,pierre-gasly,0.35651709548429084,0.0
2024,24,george-russell,lewis-hamilton,0.7242689855034062,1.0
2024,24,fernando-alonso,lance-stroll,0.83427125653842,1.0
2024,24,guanyu-zhou,valtteri-bottas,0.2162364871582939,0.0
2024,24,liam-lawson,yuki-tsunoda,0.28322141929989264,0.0
2024,24,alexander-albon,franco-colapinto,0.7508192159062808,1.0
2025,1,lando-norris,oscar-piastri,0.8121879599970862,1.0
2025,1,liam-lawson,max-verstappen,0.08252574061287503,0.0
2025,1,george-russell,kimi-antonelli,0.8375619411864729,1.0
2025,1,isack-hadjar,yuki-tsunoda,0.3612272966314055,0.0
2025,1,alexander-albon,carlos-sainz-jr,0.7034043674840649,1.0
2025,1,charles-leclerc,lewis-hamilton,0.5248589086350453,1.0
2025,1,jack-doohan,pierre-gasly,0.3342505400463759,0.0
2025,1,fernando-alonso,lance-stroll,0.8405061310381999,1.0
2025,1,gabriel-bortoleto,nico-hulkenberg,0.34300596560319385,1.0
2025,2,lando-norris,oscar-piastri,0.8199759415358315,0.0
2025,2,george-russell,kimi-antonelli,0.8435762682226329,1.0
2025,2,liam-lawson,max-verstappen,0.08081558230781011,0.0
2025,2,charles-leclerc,lewis-hamilton,0.5574462159030884,0.0
2025,2,isack-hadjar,yuki-tsunoda,0.3385299624165597,1.0
2025,2,alexander-albon,carlos-sainz-jr,0.7202122391812795,1.0
2025,2,esteban-ocon,oliver-bearman,0.5420423935710906,1.0
2025,2,gabriel-bortoleto,nico-hulkenberg,0.3849966839618747,0.0
2025,2,fernando-alonso,lance-stroll,0.8463256614493065,1.0
2025,2,jack-doohan,pierre-gasly,0.3140226658308761,0.0
2025,3,max-verstappen,yuki-tsunoda,0.8124129582938237,1.0
2025,3,lando-norris,oscar-piastri,0.7840823172381819,1.0
2025,3,charles-leclerc,lewis-hamilton,0.5191845623104013,1.0
2025,3,george-russell,kimi-antonelli,0.8491952569339792,1.0
2025,3,isack-hadjar,liam-lawson,0.6226473554988732,1.0
2025,3,alexander-albon,carlos-sainz-jr,0.735522089995669,1.0
2025,3,esteban-ocon,oliver-bearman,0.5732456946056789,0.0
2025,3,jack-doohan,pierre-gasly,0.29564000061200524,0.0
2025,3,fernando-alonso,lance-stroll,0.8517673388050866,1.0
2025,3,gabriel-bortoleto,nico-hulkenberg,0.36013656740418115,0.0
2025,4,lando-norris,oscar-piastri,0.7940114071533122,0.0
2025,4,george-russell,kimi-antonelli,0.854454204762616,1.0
2025,4,charles-leclerc,lewis-hamilton,0.5522164585971153,1.0
2025,4,jack-doohan,pierre-gasly,0.27891791768085666,0.0
2025,4,max-verstappen,yuki-tsunoda,0.8201845067044442,1.0
2025,4,alexander-albon,carlos-sainz-jr,0.7494912492501191,0.0
2025,4,isack-hadjar,liam-lawson,0.6468145975983698,1.0
2025,4,fernando-alonso,lance-stroll,0.8568645581438975,1.0
2025,4,esteban-ocon,oliver-bearman,0.5341249466747857,1.0
2025,4,gabriel-bortoleto,nico-hulkenberg,0.3375389473239085,0.0
2025,5,max-verstappen,yuki-tsunoda,0.8273959180074187,1.0
2025,5,lando-norris,oscar-piastri,0.7558174127325263,0.0
2025,5,george-russell,kimi-antonelli,0.8593845841434132,1.0
2025,5,charles-leclerc,lewis-hamilton,0.5825760396506157,1.0
2025,5,alexander-albon,carlos-sainz-jr,0.7086442696517906,0.0
2025,5,jack-doohan,pierre-gasly,0.2636849028087187,0.0
2025,5,isack-hadjar,liam-lawson,0.6687762212685844,0.0
2025,5,fernando-alonso,lance-stroll,0.8616471235850401,1.0
2025,5,esteban-ocon,oliver-bearman,0.565972687164258,0.0
2025,5,gabriel-bortoleto,nico-hulkenberg,0.31701012485504765,0.0
2025,6,max-verstappen,yuki-tsunoda,0.8341009769965515,1.0
2025,6,lando-norris,oscar-piastri,0.7152546796483975,1.0
2025,6,george-russell,kimi-antonelli,0.8640145121141639,0.0
2025,6,alexander-albon,carlos-sainz-jr,0.6666346381839809,0.0
2025,6,charles-leclerc,lewis-hamilton,0.6103291094574628,1.0
2025,6,esteban-ocon,oliver-bearman,0.5272365928472154,1.0
2025,6,isack-hadjar,liam-lawson,0.6266485351068862,1.0
2025,6,gabriel-bortoleto,nico-hulkenberg,0.29835585169969314,1.0
2025,6,jack-doohan,pierre-gasly,0.2497844650188483,1.0
2025,6,fernando-alonso,lance-stroll,0.8661416872227925,1.0
2025,7,lando-norris,oscar-piastri,0.7310038277716561,0.0
2025,7,george-russell,kimi-antonelli,0.8334537772564395,1.0
2025,7,fernando-alonso,lance-stroll,0.870372130340522,1.0
2025,7,alexander-albon,carlos-sainz-jr,0.6245263198478992,0.0
2025,7,isack-hadjar,liam-lawson,0.6504519544910281,1.0
2025,7,franco-colapinto,pierre-gasly,0.3154463382626543,0.0
2025,7,charles-leclerc,lewis-hamilton,0.6356112562279363,1.0
2025,7,gabriel-bortoleto,nico-hulkenberg,0.3404548273057334,1.0
2025,7,esteban-ocon,oliver-bearman,0.5596356957980337,1.0
2025,8,lando-norris,oscar-piastri,0.689490350539296,1.0
2025,8,charles-leclerc,lewis-hamilton,0.6585974457711167,1.0
2025,8,max-verstappen,yuki-tsunoda,0.840347344109623,1.0
2025,8,isack-hadjar,liam-lawson,0.6720805297658858,1.0
2025,8,fernando-alonso,lance-stroll,0.8743598945722056,1.0
2025,8,esteban-ocon,oliver-bearman,0.5893698136981673,1.0
2025,8,alexander-albon,carlos-sainz-jr,0.5832773960079725,1.0
2025,8,gabriel-bortoleto,nico-hulkenberg,0.382481451170576,0.0
2025,8,george-russell,kimi-antonelli,0.8397438969932698,1.0
2025,8,franco-colapinto,pierre-gasly,0.2969342881215094,0.0
2025,9,lando-norris,oscar-piastri,0.7075541642065231,0.0
2025,9,max-verstappen,yuki-tsunoda,0.846177318734857,1.0
2025,9,george-russell,kimi-antonelli,0.8456136277091854,1.0
2025,9,charles-leclerc,lewis-hamilton,0.6794800193196341,0.0
2025,9,franco-colapinto,pierre-gasly,0.28009599871731927,0.0
2025,9,isack-hadjar,liam-lawson,0.6917295570964321,1.0
2025,9,fernando-alonso,lance-stroll,0.8781242697525675,1.0
2025,9,alexander-albon,carlos-sainz-jr,0.61096890972029,1.0
2025,9,gabriel-bortoleto,nico-hulkenberg,0.357848974734962,1.0
2025,9,esteban-ocon,oliver-bearman,0.6165244571987355,0.0
2025,10,george-russell,kimi-antonelli,0.8511010162928446,1.0
2025,10,max-verstappen,yuki-tsunoda,0.8516285073327164,1.0
2025,10,lando-norris,oscar-piastri,0.6655286074677637,0.0
2025,10,charles-leclerc,lewis-hamilton,0.6372934094395295,0.0
2025,10,fernando-alonso,lance-stroll,0.8816826443529141,1.0
2025,10,isack-hadjar,liam-lawson,0.7095904651146624,1.0
2025,10,alexander-albon,carlos-sainz-jr,0.6361933710436903,1.0
2025,10,franco-colapinto,pierre-gasly,0.2647589025208542,1.0
2025,10,gabriel-bortoleto,nico-hulkenberg,0.3995646026582409,0.0
2025,10,esteban-ocon,oliver-bearman,0.575534915525949,0.0
2025,11,lando-norris,oscar-piastri,0.6234312639743946,1.0
2025,11,charles-leclerc,lewis-hamilton,0.5956916329967095,1.0
2025,11,george-russell,kimi-antonelli,0.8562399448143795,1.0
2025,11,isack-hadjar,liam-lawson,0.7258442327287519,0.0
2025,11,max-verstappen,yuki-tsunoda,0.8567344060817472,1.0
2025,11,gabriel-bortoleto,nico-hulkenberg,0.3733940979016195,1.0
2025,11,franco-colapinto,pierre-gasly,0.30614073520897583,0.0
2025,11,fernando-alonso,lance-stroll,0.8850507236246914,1.0
2025,11,alexander-albon,carlos-sainz-jr,0.6591263934783452,1.0
2025,11,esteban-ocon,oliver-bearman,0.536297029778214,0.0
2025,12,max-verstappen,yuki-tsunoda,0.8615249078208008,1.0
2025,12,lando-norris,oscar-piastri,0.647527282883141,0.0
2025,12,george-russell,kimi-antonelli,0.8610606445879895,1.0
2025,12,charles-leclerc,lewis-hamilton,0.6222853651432267,0.0
2025,12,esteban-ocon,oliver-bearman,0.49931490673230144,0.0
2025,12,fernando-alonso,lance-stroll,0.8882427198777725,1.0
2025,12,franco-colapinto,pierre-gasly,0.28847255322263354,0.0
2025,12,alexander-albon,carlos-sainz-jr,0.6799605292462351,0.0
2025,12,isack-hadjar,liam-lawson,0.6841869608409267,1.0
2025,12,gabriel-bortoleto,nico-hulkenberg,0.4147056809796493,1.0
2025,13,lando-norris,oscar-piastri,0.605699172232582,1.0
2025,13,charles-leclerc,lewis-hamilton,0.5811061746227092,1.0
2025,13,max-verstappen,yuki-tsunoda,0.8660267425741942,1.0
2025,13,alexander-albon,carlos-sainz-jr,0.6377727796110003,1.0
2025,13,george-russell,kimi-antonelli,0.8655901429227966,1.0
2025,13,isack-hadjar,liam-lawson,0.7027323520247004,1.0
2025,13,gabriel-bortoleto,nico-hulkenberg,0.45442114077569434,1.0
2025,13,esteban-ocon,oliver-bearman,0.46488137591416956,1.0
2025,13,franco-colapinto,pierre-gasly,0.272391658477422,0.0
2025,13,fernando-alonso,lance-stroll,0.8912715187071577,1.0
2025,14,charles-leclerc,lewis-hamilton,0.6089880774679564,1.0
2025,14,lando-norris,oscar-piastri,0.6313979336064329,0.0
2025,14,george-russell,kimi-antonelli,0.8698526511691721,1.0
2025,14,fernando-alonso,lance-stroll,0.8941488244464438,1.0
2025,14,gabriel-bortoleto,nico-hulkenberg,0.491982198013401,1.0
2025,14,max-verstappen,yuki-tsunoda,0.8702638601839237,1.0
2025,14,isack-hadjar,liam-lawson,0.7196005915613473,0.0
2025,14,esteban-ocon,oliver-bearman,0.5017881318558681,0.0
2025,14,alexander-albon,carlos-sainz-jr,0.6605615022955472,0.0
2025,14,franco-colapinto,pierre-gasly,0.2577326738546234,1.0
2025,15,lando-norris,oscar-piastri,0.589949581908133,0.0
2025,15,max-verstappen,yuki-tsunoda,0.8742577626997684,1.0
2025,15,isack-hadjar,liam-lawson,0.6777931205165337,1.0
2025,15,george-russell,kimi-antonelli,0.8738699018002358,1.0
2025,15,charles-leclerc,lewis-hamilton,0.6343910459236167,1.0
2025,15,alexander-albon,carlos-sainz-jr,0.6185215261958392,0.0
2025,15,gabriel-bortoleto,nico-hulkenberg,0.5270477074266724,1.0
2025,15,franco-colapinto,pierre-gasly,0.29886876543147584,0.0
2025,15,esteban-ocon,oliver-bearman,0.46717313145987854,1.0
2025,16,max-verstappen,yuki-tsunoda,0.8780277932914655,1.0
2025,16,lando-norris,oscar-piastri,0.5500190986966781,1.0
2025,16,charles-leclerc,lewis-hamilton,0.6574886515397126,1.0
2025,16,george-russell,kimi-antonelli,0.8776614413799194,1.0
2025,16,gabriel-bortoleto,nico-hulkenberg,0.5594618019074918,1.0
2025,16,fernando-alonso,lance-stroll,0.8968852876627824,1.0
2025,16,esteban-ocon,oliver-bearman,0.5039321383844985,0.0
2025,16,alexander-albon,carlos-sainz-jr,0.5774645624399525,0.0
2025,16,isack-hadjar,liam-lawson,0.6969207411166833,1.0
2025,16,franco-colapinto,pierre-gasly,0.2818565662619981,1.0
2025,17,max-verstappen,yuki-tsunoda,0.88159138760148,1.0
2025,17,alexander-albon,carlos-sainz-jr,0.5381294288335846,0.0
2025,17,isack-hadjar,liam-lawson,0.7143123462635901,0.0
2025,17,george-russell,kimi-antonelli,0.8812448854176534,0.0
2025,17,lando-norris,oscar-piastri,0.5805623165979026,1.0
2025,17,charles-leclerc,lewis-hamilton,0.6784727670685293,1.0
2025,17,fernando-alonso,lance-stroll,0.8994906171086601,1.0
2025,17,gabriel-bortoleto,nico-hulkenberg,0.5892106722951279,1.0
2025,17,franco-colapinto,pierre-gasly,0.32369539423816124,1.0
2025,18,george-russell,kimi-antonelli,0.8533067066452318,1.0
2025,18,max-verstappen,yuki-tsunoda,0.8849642926798023,1.0
2025,18,lando-norris,oscar-piastri,0.6084918282670572,0.0
2025,18,charles-leclerc,lewis-hamilton,0.6975384241583868,0.0
2025,18,isack-hadjar,liam-lawson,0.6723976622774518,1.0
2025,18,esteban-ocon,oliver-bearman,0.46916101565953033,0.0
2025,18,fernando-alonso,lance-stroll,0.9019736782030687,1.0
2025,18,gabriel-bortoleto,nico-hulkenberg,0.6163793870872175,0.0
2025,18,franco-colapinto,pierre-gasly,0.36587118966550314,1.0
2025,19,max-verstappen,yuki-tsunoda,0.8881607579450482,1.0
2025,19,lando-norris,oscar-piastri,0.5677911137858699,1.0
2025,19,charles-leclerc,lewis-hamilton,0.6554011183546373,1.0
2025,19,george-russell,kimi-antonelli,0.8583080743107756,1.0
2025,19,esteban-ocon,oliver-bearman,0.43704914186021415,0.0
2025,19,alexander-albon,carlos-sainz-jr,0.5010309351176404,0.0
2025,19,fernando-alonso,lance-stroll,0.9043425798212079,1.0
2025,19,gabriel-bortoleto,nico-hulkenberg,0.5753948118761338,0.0
2025,19,franco-colapinto,pierre-gasly,0.40739266619978054,0.0
2025,20,lando-norris,oscar-piastri,0.5968286312096357,1.0
2025,20,charles-leclerc,lewis-hamilton,0.6765764212995232,1.0
2025,20,george-russell,kimi-antonelli,0.863002966780705,1.0
2025,20,max-verstappen,yuki-tsunoda,0.8911937020006788,1.0
2025,20,alexander-albon,carlos-sainz-jr,0.46647133767871973,0.0
2025,20,isack-hadjar,liam-lawson,0.6920177188752227,1.0
2025,20,esteban-ocon,oliver-bearman,0.4075970887661753,0.0
2025,20,gabriel-bortoleto,nico-hulkenberg,0.5361640401794111,0.0
2025,20,fernando-alonso,lance-stroll,0.906604750921023,1.0
2025,20,franco-colapinto,pierre-gasly,0.3805248125516273,0.0
2025,21,lando-norris,oscar-piastri,0.6233210974421373,1.0
2025,21,george-russell,kimi-antonelli,0.8674171808036558,0.0
2025,21,charles-leclerc,lewis-hamilton,0.695815008367271,1.0
2025,21,isack-hadjar,liam-lawson,0.7098525349354721,1.0
2025,21,esteban-ocon,oliver-bearman,0.3807110974382736,0.0
2025,21,franco-colapinto,pierre-gasly,0.3560696630301557,0.0
2025,21,fernando-alonso,lance-stroll,0.9087670083206928,1.0
2025,21,alexander-albon,carlos-sainz-jr,0.4345755179226589,1.0
2025,21,max-verstappen,yuki-tsunoda,0.8940748585978484,1.0
2025,22,lando-norris,oscar-piastri,0.6474271274287268,1.0
2025,22,max-verstappen,yuki-tsunoda,0.8968149045709637,1.0
2025,22,alexander-albon,carlos-sainz-jr,0.4732818610663855,0.0
2025,22,george-russell,kimi-antonelli,0.8373492949303323,1.0
2025,22,isack-hadjar,liam-lawson,0.7260828949878408,0.0
2025,22,fernando-alonso,lance-stroll,0.910835616758264,1.0
2025,22,charles-leclerc,lewis-hamilton,0.7133064405504514,1.0
2025,22,franco-colapinto,pierre-gasly,0.33384404939308776,0.0
2025,22,gabriel-bortoleto,nico-hulkenberg,0.49919040204572246,0.0
2025,22,esteban-ocon,oliver-bearman,0.3562390564540717,1.0
2025,23,lando-norris,oscar-piastri,0.669332674331031,0.0
2025,23,max-verstappen,yuki-tsunoda,0.8994235721710498,1.0
2025,23,george-russell,kimi-antonelli,0.8433777842869826,1.0
2025,23,isack-hadjar,liam-lawson,0.6844318788299143,1.0
2025,23,alexander-albon,carlos-sainz-jr,0.44084162588291187,0.0
2025,23,fernando-alonso,lance-stroll,0.9128163422084515,1.0
2025,23,franco-colapinto,pierre-gasly,0.3136533647642874,0.0
2025,23,charles-leclerc,lewis-hamilton,0.7292288423895594,1.0
2025,23,gabriel-bortoleto,nico-hulkenberg,0.4647660450959336,0.0
2025,23,esteban-ocon,oliver-bearman,0.397989870677332,0.0
2025,24,max-verstappen,yuki-tsunoda,0.9019097478778607,1.0
2025,24,lando-norris,oscar-piastri,0.6272003641064502,1.0
2025,24,george-russell,kimi-antonelli,0.849009657235574,1.0
2025,24,charles-leclerc,lewis-hamilton,0.7437459933940307,1.0
2025,24,fernando-alonso,lance-stroll,0.9147144992981897,1.0
2025,24,gabriel-bortoleto,nico-hulkenberg,0.43300789850360943,1.0
2025,24,esteban-ocon,oliver-bearman,0.3719602698164806,1.0
2025,24,isack-hadjar,liam-lawson,0.7029550010075745,1.0
2025,24,alexander-albon,carlos-sainz-jr,0.4110670242504259,0.0
2025,24,franco-colapinto,pierre-gasly,0.29530424669350086,0.0
2026,1,george-russell,kimi-antonelli,0.8542803508306798,1.0
2026,1,charles-leclerc,lewis-hamilton,0.7570062896938999,1.0
2026,1,lando-norris,oscar-piastri,0.6509535521702906,0.0
2026,1,arvid-lindblad,liam-lawson,0.6638866383465315,0.0
2026,1,gabriel-bortoleto,nico-hulkenberg,0.47179903709141724,1.0
2026,1,esteban-ocon,oliver-bearman,0.413313895027249,0.0
2026,1,franco-colapinto,pierre-gasly,0.27861228898906665,0.0
2026,1,sergio-perez,valtteri-bottas,0.2553130139466446,1.0
2026,2,george-russell,kimi-antonelli,0.8592214599043414,0.0
2026,2,charles-leclerc,lewis-hamilton,0.7691428595902776,0.0
2026,2,lando-norris,oscar-piastri,0.6090613063891394,0.0
2026,2,franco-colapinto,pierre-gasly,0.2634062535322788,0.0
2026,2,isack-hadjar,max-verstappen,0.10702595409630375,0.0
2026,2,esteban-ocon,oliver-bearman,0.38592229342843903,0.0
2026,2,gabriel-bortoleto,nico-hulkenberg,0.5082551554804905,0.0
2026,2,arvid-lindblad,liam-lawson,0.6218068014011182,0.0
2026,2,alexander-albon,carlos-sainz-jr,0.3838737614538475,0.0
2026,2,fernando-alonso,lance-stroll,0.916534993548418,1.0
2026,2,sergio-perez,valtteri-bottas,0.2963564277694706,0.0
2026,3,george-russell,kimi-antonelli,0.8279869459633425,0.0
2026,3,lando-norris,oscar-piastri,0.5683391972956059,0.0
2026,3,charles-leclerc,lewis-hamilton,0.7292766338810784,1.0
2026,3,franco-colapinto,pierre-gasly,0.24952994518835792,0.0
2026,3,isack-hadjar,max-verstappen,0.10423235042617336,1.0
2026,3,gabriel-bortoleto,nico-hulkenberg,0.47317267162307347,1.0
2026,3,arvid-lindblad,liam-lawson,0.580642797992507,1.0
2026,3,esteban-ocon,oliver-bearman,0.36097849740186483,1.0
2026,3,alexander-albon,carlos-sainz-jr,0.3591152299653827,0.0
2026,3,sergio-perez,valtteri-bottas,0.27957003618328924,1.0
2026,3,fernando-alonso,lance-stroll,0.9182823590719588,1.0
2026,4,george-russell,kimi-antonelli,0.7929247008399816,0.0
2026,4,charles-leclerc,lewis-hamilton,0.7437896063506958,1.0
2026,4,lando-norris,oscar-piastri,0.5294758812522617,1.0
2026,4,franco-colapinto,pierre-gasly,0.23684260406081742,1.0
2026,4,gabriel-bortoleto,nico-hulkenberg,0.5095376688770811,0.0
2026,4,arvid-lindblad,liam-lawson,0.6085652664603418,0.0
2026,4,esteban-ocon,oliver-bearman,0.40262209068209026,0.0
2026,4,alexander-albon,carlos-sainz-jr,0.3366110036042231,0.0
2026,4,fernando-alonso,lance-stroll,0.9199607922736686,1.0
2026,4,sergio-perez,valtteri-bottas,0.32135903889350426,0.0
2026,5,george-russell,kimi-antonelli,0.7546470887389207,1.0
2026,5,lando-norris,oscar-piastri,0.5616967307478156,1.0
2026,5,charles-leclerc,lewis-hamilton,0.7570461665914882,0.0
2026,5,isack-hadjar,max-verstappen,0.12970735113447626,0.0
2026,5,arvid-lindblad,liam-lawson,0.5678617852160871,1.0
2026,5,franco-colapinto,pierre-gasly,0.27703833434072067,1.0
2026,5,gabriel-bortoleto,nico-hulkenberg,0.4743637111150779,0.0
2026,5,alexander-albon,carlos-sainz-jr,0.3161671200487427,0.0
2026,5,esteban-ocon,oliver-bearman,0.37617858560059486,0.0
2026,5,fernando-alonso,lance-stroll,0.9215741820272902,1.0
2026,5,sergio-perez,valtteri-bottas,0.30230871355720845,1.0
2026,6,george-russell,kimi-antonelli,0.7669817256829167,0.0
2026,6,isack-hadjar,max-verstappen,0.12571508114324195,0.0
2026,6,charles-leclerc,lewis-hamilton,0.7165420634866231,0.0
2026,6,lando-norris,oscar-piastri,0.5912556706592799,0.0
2026,6,franco-colapinto,pierre-gasly,0.31876816000868324,0.0
2026,6,arvid-lindblad,liam-lawson,0.5968932270024416,0.0
2026,6,alexander-albon,carlos-sainz-jr,0.2975895296123468,1.0
2026,6,gabriel-bortoleto,nico-hulkenberg,0.44183781491357305,0.0
2026,6,esteban-ocon,oliver-bearman,0.35211802502347866,1.0
2026,6,sergio-perez,valtteri-bottas,0.34444477632527865,1.0
2026,6,fernando-alonso,lance-stroll,0.9231261367417696,1.0
2026,7,george-russell,kimi-antonelli,0.7269933570088014,1.0
2026,7,charles-leclerc,lewis-hamilton,0.6746703715637783,0.0
2026,7,lando-norris,oscar-piastri,0.5512663799291969,1.0
2026,7,isack-hadjar,max-verstappen,0.12194655462634388,0.0
2026,7,arvid-lindblad,liam-lawson,0.556657880497873,0.0
2026,7,gabriel-bortoleto,nico-hulkenberg,0.41197882804030356,0.0
2026,7,franco-colapinto,pierre-gasly,0.29995387373774673,1.0
2026,7,esteban-ocon,oliver-bearman,0.39395304981994356,0.0
2026,7,alexander-albon,carlos-sainz-jr,0.33968020730256965,0.0
2026,7,sergio-perez,valtteri-bottas,0.38641374694579605,1.0
2026,7,fernando-alonso,lance-stroll,0.9246200086767706,0.0
2026,8,george-russell,kimi-antonelli,0.7417062428692746,1.0
2026,8,charles-leclerc,lewis-hamilton,0.6325023497049976,1.0
2026,8,isack-hadjar,max-verstappen,0.11838434849159135,0.0
2026,8,lando-norris,oscar-piastri,0.5817054532519864,1.0
2026,8,arvid-lindblad,liam-lawson,0.518441337506207,0.0
2026,8,franco-colapinto,pierre-gasly,0.34206899225109455,0.0
2026,8,gabriel-bortoleto,nico-hulkenberg,0.384705016476122,1.0
2026,8,esteban-ocon,oliver-bearman,0.3682855300786105,0.0
2026,8,alexander-albon,carlos-sainz-jr,0.3189553481283101,0.0
2026,8,sergio-perez,valtteri-bottas,0.4273008948090707,1.0
2026,8,fernando-alonso,lance-stroll,0.9047676977087343,1.0
